Local time,Open,High,Low,Close,Volume
07.05.2017,1555,1677,1544,1657,1875.4702
08.05.2017,1657,1753,1623,1746,1333.957
09.05.2017,1711,1766,1670,1752,1910.9262
10.05.2017,1780,1886,1776,1854,1615.8357999999998
11.05.2017,1830,1830,1651,1691,2544.9515999999994
16.05.2017,1799,1802,1711,1726,1393.2334
17.05.2017,1740,1782,1710,1769,2191.6729
18.05.2017,1769,1853,1743,1817,4230.1381
21.05.2017,1812,1883,1794,1882,2805.8045
22.05.2017,1882,1962,1852,1938,2066.9971
25.05.2017,2020,2298,1994,2148,3315.7886
28.05.2017,2149,2270,1973,2215,2576.4157000000005
29.05.2017,2233,2435,2190,2430,2300.5696
30.05.2017,2421,2799,2206,2463,2745.2596000000003
31.05.2017,2472,2662,2241,2242,3305.1374
05.06.2017,2117,2341,2090,2306,4914.641900000001
06.06.2017,2308,2353,2200,2248,5173.890200000002
07.06.2017,2259,2336,2129,2285,4976.6399
08.06.2017,2285,2475,2277,2409,2751.7061
11.06.2017,2411,2449,2368,2430,3176.2122000000004
14.06.2017,2505,2629,2501,2625,1807.9821
15.06.2017,2690,2939,2671,2870,2330.3414
18.06.2017,2870,2882,2734,2739,3009.0785000000005
19.06.2017,2739,2812,2609,2749,2840.5796000000005
20.06.2017,2749,2860,2748,2835,2314.4584999999997
25.06.2017,2923,3000,2427,2524,1535.2707
26.06.2017,2654,2785,2632,2700,2230.4817
27.06.2017,2701,2811,2522,2552,1409.5012
28.06.2017,2552,2557,2075,2360,2581.4021
29.06.2017,2360,2521,2303,2488,2666.0061
04.07.2017,2470,2585,2458,2580,2852.9625
05.07.2017,2597,2772,2584,2750,2297.8602
06.07.2017,2750,2780,2637,2658,1929.6846
09.07.2017,2658,2729,2569,2671,2315.9495
10.07.2017,2671,2734,2664,2707,2297.6472000000003
13.07.2017,2473,2556,2253,2344,2287.4016
16.07.2017,2345,2470,2264,2456,3055.4256
17.07.2017,2457,2596,2428,2592,2190.2608
18.07.2017,2592,2602,2502,2558,2301.3192
19.07.2017,2555,2566,2478,2502,1904.3344000000004
24.07.2017,2497,2585,2471,2558,1881.1323
25.07.2017,2558,2637,2544,2575,1821.6054
26.07.2017,2574,2622,2538,2610,1830.7816
27.07.2017,2610,2629,2578,2597,1838.2367
30.07.2017,2597,2609,2487,2515,1708.6850999999997
02.08.2017,2527,2539,2349,2384,1799.004
03.08.2017,2384,2408,2254,2328,2229.5533
06.08.2017,2328,2413,2242,2375,2342.849
07.08.2017,2375,2418,2307,2337,2207.7103
08.08.2017,2337,2352,2150,2158,2325.7328
13.08.2017,1865,2180,1855,2174,2085.3451
14.08.2017,2170,2394,2144,2348,2808.7494
15.08.2017,2348,2394,2216,2255,2357.3167
16.08.2017,2255,2729,2242,2729,2366.8129
17.08.2017,2730,2773,2613,2625,236.2493
22.08.2017,2785,2802,2720,2760,1883.1108
23.08.2017,2760,2777,2450,2467,2307.0185
24.08.2017,2467,2609,2403,2503,2093.1141
27.08.2017,2503,2597,2449,2584,1915.3727000000008
28.08.2017,2584,2833,2583,2754,2556.7239000000004
31.08.2017,2760,2890,2678,2885,2737.1260999999995
03.09.2017,2889,2924,2638,2743,3556.7646
04.09.2017,2738,2757,2667,2691,2524.0353999999998
05.09.2017,2691,2804,2649,2780,2240.1695
06.09.2017,2780,2877,2761,2832,2041.2182999999995
11.09.2017,3265,3423,3191,3340,2137.3518
12.09.2017,3341,3487,3339,3447,2520.3778
13.09.2017,3447,3454,3237,3362,2986.2769000000003
14.09.2017,3370,3457,3299,3425,2224.0569
17.09.2017,3425,3588,3404,3588,1677.9787000000003
20.09.2017,4010,4341,3978,4263,2546.7654
21.09.2017,4263,4450,3808,4072,2829.3283
24.09.2017,4072,4352,4057,4349,662.6668999999999
25.09.2017,4324,4476,4179,4328,1672.4831
26.09.2017,4326,4357,4190,4300,688.2292
01.10.2017,4118,4149,3964,3997,2026.0577000000003
02.10.2017,3775,4141,3771,4073,1926.5566
03.10.2017,4073,4260,4003,4134,2081.027
04.10.2017,4134,4256,4089,4234,2119.1589
05.10.2017,4234,4453,4217,4329,1983.2240000000004
10.10.2017,4360,4363,4186,4340,2015.8157
11.10.2017,4339,4642,4339,4597,2047.9204
12.10.2017,4597,4637,4495,4575,1731.4661999999998
15.10.2017,4575,4767,4555,4741,1571.1407999999994
16.10.2017,4741,4744,4725,4734,134.7285
19.10.2017,4626,4628,4158,4358,2110.3892
22.10.2017,4358,4540,4029,4457,2697.6365
23.10.2017,4457,4681,4413,4569,2595.8157
24.10.2017,4569,4690,4479,4576,3229.848300000001
25.10.2017,4595,4692,4139,4247,2704.5012
30.10.2017,4289,4379,4110,4193,3740.0868
31.10.2017,4196,4385,4079,4180,2096.1452
01.11.2017,4180,4206,3732,3898,2819.5606
02.11.2017,3897,3958,3241,3391,2922.1696999999995
05.11.2017,3391,3837,2973,3720,3414.7132
08.11.2017,3748,4120,3700,4006,3345.6612
09.11.2017,4005,4121,3850,3905,2565.2336
12.11.2017,3907,4043,3832,3955,2252.3791
13.11.2017,3955,3975,3572,3646,2532.4654
14.11.2017,3648,3761,3510,3614,1311.0076
19.11.2017,3670,3960,3662,3940,904.0075999999998
20.11.2017,3940,3965,3850,3908,2015.1526
21.11.2017,3908,4191,3872,4154,2034.1153
22.11.2017,4154,4276,4124,4165,2366.4937
23.11.2017,4165,4219,4015,4169,1616.4251
28.11.2017,4387,4469,4360,4390,866.2101999999999
29.11.2017,4390,4425,4236,4283,1032.4353
30.11.2017,4283,4347,4182,4200,1506.0690000000002
03.12.2017,4200,4360,4145,4347,1437.4875
04.12.2017,4347,4416,4293,4338,1442.7486999999996
07.12.2017,4583,4870,4555,4838,1828.6661
10.12.2017,4839,4927,4739,4873,2012.6064
11.12.2017,4873,4875,4708,4827,1814.4038000000005
12.12.2017,4827,5389,4790,5317,2375.0236
13.12.2017,5316,5866,5275,5613,2378.6943
18.12.2017,5525,5758,5493,5677,2336.0671
19.12.2017,5677,5785,5523,5576,1851.4995
20.12.2017,5575,5611,5107,5506,2102.0456
21.12.2017,5506,5739,5483,5699,2000.8637
24.12.2017,5699,6064,5614,5973,1892.4721
27.12.2017,5882,6057,5648,5909,2419.6487
28.12.2017,5908,5930,5560,5591,3782.0058
01.01.2018,5592,5693,5373,5678,3313.1312
02.01.2018,5678,5985,5638,5840,2206.1027000000004
03.01.2018,5841,5995,5690,5751,2156.803
08.01.2018,6177,6219,6027,6099,1758.5390000000002
09.01.2018,6099,6415,6084,6372,1860.5312000000004
10.01.2018,6377,6650,6363,6580,2125.9013999999997
11.01.2018,6580,7391,6573,7058,2457.0156
14.01.2018,7060,7449,6933,7228,2495.7732
17.01.2018,7353,7443,6949,7124,2968.9963
18.01.2018,7121,7226,6925,7074,2850.9311
21.01.2018,7074,7882,7035,7257,2970.3563000000004
22.01.2018,7253,7489,7054,7121,2603.4202
23.01.2018,7121,7345,6414,6580,2388.1151000000004
28.01.2018,5891,6813,5603,6505,3294.0697
29.01.2018,6505,6748,6400,6589,3220.6299
30.01.2018,6589,7344,6542,7290,2297.8123
31.01.2018,7290,7894,7115,7891,2077.5408999999995
01.02.2018,7891,7996,7532,7697,2269.1979
06.02.2018,8018,8291,7943,8240,1477.9403000000004
07.02.2018,8240,8374,7798,8132,1776.5479
08.02.2018,8131,8303,7971,8202,1609.2197000000003
11.02.2018,8202,8280,8091,8164,1731.0228
12.02.2018,8164,8327,7872,8249,1696.1312999999998
15.02.2018,9450,9746,9276,9651,1853.0558
18.02.2018,9649,9975,9553,9944,1546.7576
19.02.2018,9922,11433,8980,10187,2690.7063000000007
20.02.2018,10189,10811,9011,9660,4038.433
21.02.2018,9645,10940,9373,10897,3333.5946000000004
26.02.2018,10915,11582,10500,11500,2576.119
27.02.2018,11501,11864,11451,11776,2083.2272
28.02.2018,11776,13459,11695,13309,2490.4332000000004
01.03.2018,13329,16784,13328,16046,2485.5785
04.03.2018,16042,17021,13865,15640,333.9893
07.03.2018,14574,17424,14524,17147,2035.2949
08.03.2018,17147,17577,16293,17236,1031.4222
11.03.2018,17233,17620,15741,16751,1852.8635
12.03.2018,16751,17101,16029,16502,1855.1963
13.03.2018,16514,17957,16282,17629,1036.9960999999998
18.03.2018,18980,19510,18118,18674,2431.8313
19.03.2018,18674,19002,16728,16942,2296.0698
20.03.2018,16923,17835,15786,16205,3010.2309
21.03.2018,16207,17339,14853,15385,1875.6298
22.03.2018,15389,15825,10772,14234,392.1438
27.03.2018,13123,14623,12973,13845,612.5449
28.03.2018,13757,16131,13665,15921,3225.3937
29.03.2018,15921,16499,14604,15173,2663.4432
01.04.2018,15187,15489,13498,13934,2131.2201000000005
02.04.2018,13939,15093,13920,14308,3027.7953
08.04.2018,13496,15197,12921,14728,851.3607999999999
09.04.2018,14755,15374,14556,15018,890.0259000000002
10.04.2018,15006,15367,14167,14894,881.6243999999999
11.04.2018,14892,16880,14786,16782,912.5526
16.04.2018,16140,16408,13865,14896,897.0608
17.04.2018,14886,15321,14110,14491,746.722
18.04.2018,14460,14649,13388,14444,836.3498000000001
19.04.2018,14454,14914,12744,13416,765.6945999999999
22.04.2018,13456,14066,12783,13697,756.7695
25.04.2018,13357,14274,13342,13854,777.0877
26.04.2018,13838,13873,10308,10648,673.8593999999999
29.04.2018,10530,11721,9125,11333,806.8767
30.04.2018,11311,12007,10546,11473,1058.6212
01.05.2018,11472,11885,10840,11310,1255.6008
06.05.2018,11322,11832,9980,10302,1426.9963000000002
07.05.2018,10289,11338,9908,10932,1413.8550000000002
08.05.2018,10934,11445,10447,11166,1202.2512000000002
09.05.2018,11156,11662,10847,11201,1031.3533999999995
10.05.2018,11205,11564,10261,10847,1051.3903
15.05.2018,11725,11734,10995,11206,6.2738000000000005
16.05.2018,11190,11206,9756,10101,8.0322
17.05.2018,10095,10343,9584,9965,7.9079
20.05.2018,9957,10199,8601,9076,8.523100000000001
21.05.2018,9085,9187,7564,8535,8.5823
24.05.2018,8018,8370,6541,7067,350.72530000000006
27.05.2018,7098,7884,5882,7711,1239.9699999999998
28.05.2018,7715,8538,7140,8038,1077.36
29.05.2018,8031,8580,7487,8130,942.8999999999996
30.05.2018,8124,8677,7706,8505,820.0100000000001
04.06.2018,8242,8854,7970,8784,269.8124
05.06.2018,8784,8928,8313,8500,813.7500000000001
06.06.2018,8511,9309,8430,9233,884.0599999999997
07.06.2018,9226,10162,9192,9813,973.78
10.06.2018,9850,10236,9645,10028,878.26
13.06.2018,10698,11194,10264,11027,903.69
14.06.2018,11049,11689,11002,11650,885.97
17.06.2018,11651,11716,10189,10220,1086.7899999999995
18.06.2018,10245,10869,9674,9847,1030.91
19.06.2018,9840,10353,9532,9860,1178.7425
24.06.2018,9535,10392,9323,10321,1327.3674999999998
25.06.2018,10321,10801,10083,10701,1426.3075000000003
26.06.2018,10703,11009,10334,10471,1369.51
27.06.2018,10479,11026,10170,10877,783.49
28.06.2018,10876,11118,10732,10970,771.34
03.07.2018,11367,11621,11281,11517,619.5199999999999
04.07.2018,11521,11564,10517,10740,725.3399999999999
05.07.2018,10740,10844,9390,9892,853.9999999999999
08.07.2018,9897,10064,9033,9296,858.33
09.07.2018,9284,9374,8336,9049,990.54
12.07.2018,9496,9855,8744,8977,702.7900000000001
15.07.2018,8978,9432,8809,9018,745.43
16.07.2018,9017,9310,8169,8266,724.6500000000001
17.07.2018,8266,8376,7633,8214,818.0499999999998
18.07.2018,8214,8560,7873,8486,717.6199999999999
23.07.2018,8159,8677,8012,8380,783.73
24.07.2018,8380,8958,8282,8839,974.14
25.07.2018,8839,9097,8681,8813,1567.5375
26.07.2018,8813,9012,8415,8521,1626.0224999999998
29.07.2018,8521,8691,8213,8542,1523.5524999999998
01.08.2018,8547,8570,7783,7814,1532.7025
02.08.2018,7817,8185,7669,7915,1921.3525
05.08.2018,7919,8024,7658,7824,1602.32
06.08.2018,7825,7924,7027,7027,1756.0250000000003
07.08.2018,7027,7250,6516,6793,2681.025
12.08.2018,6749,7041,6687,6859,1614.755
13.08.2018,6863,7435,6851,7329,1590.3725
14.08.2018,7328,7371,6659,6758,1613.5925000000002
15.08.2018,6766,6842,6507,6678,1920.5
16.08.2018,6677,6774,6438,6530,1578.1950000000002
21.08.2018,6923,7102,6545,6592,856.3499999999999
22.08.2018,6592,6794,6587,6767,818.6724999999998
23.08.2018,6767,6891,6712,6821,900.1500000000001
26.08.2018,6819,7945,6688,7658,1451.2575
27.08.2018,7663,8147,7637,7821,1941.15
30.08.2018,8232,8337,7831,7914,1489.1649999999995
02.09.2018,7914,8086,7754,7845,1439.77
03.09.2018,7845,8158,7797,8116,857.8050000000001
04.09.2018,8118,8221,8027,8161,1140.295
05.09.2018,8161,8485,8146,8450,1330.8725
10.09.2018,8841,8924,8688,8859,1418.84
11.09.2018,8857,9390,8846,9377,1496.3300000000004
12.09.2018,9381,9683,8692,9000,2124.9375
13.09.2018,9000,9101,8588,9045,1762.4824999999996
16.09.2018,9038,9303,8884,8902,1475.8300000000002
19.09.2018,9251,9374,9048,9201,1075.8424999999995
20.09.2018,9201,9206,8763,8947,1372.225
23.09.2018,8947,9114,8910,9109,990.2900000000002
24.09.2018,9110,9672,9095,9588,1177.4699999999998
25.09.2018,9582,9727,9459,9613,1272.2875
30.09.2018,9468,9587,9118,9367,1254.9175
01.10.2018,9371,9386,8977,9090,1146.5075
02.10.2018,9091,9398,8900,9183,1050.2475
03.10.2018,9180,9317,8986,9028,1168.0600000000004
04.10.2018,9028,9066,8319,8372,1503.2575000000002
09.10.2018,8592,8813,8221,8750,1395.9075
10.10.2018,8750,8778,8369,8453,1191.2150000000004
11.10.2018,8454,8479,8036,8227,640.8199999999999
14.10.2018,8215,8404,8062,8139,567.13
15.10.2018,8137,8208,7864,8161,605.5399999999998
18.10.2018,8459,8513,8250,8341,610.505
21.10.2018,8342,8355,8021,8043,1143.4425
22.10.2018,8042,8044,7376,7523,1719.3100000000002
23.10.2018,7520,7659,7207,7474,1830.2225
24.10.2018,7474,7584,7272,7380,1373.575
29.10.2018,7259,7370,7101,7150,1162.4525
30.10.2018,7146,7456,6987,7433,1182.25
31.10.2018,7440,7489,7210,7275,1156.0575
01.11.2018,7275,7532,7260,7476,1129.725
04.11.2018,7475,7541,7288,7373,1119.7700000000002
07.11.2018,7626,7690,7390,7462,927.3875
08.11.2018,7462,7597,7293,7566,1057.405
11.11.2018,7567,7608,7423,7552,873.2724999999998
12.11.2018,7552,7685,7552,7596,960.135
13.11.2018,7596,7629,7480,7581,1133.1575
18.11.2018,6675,6760,6577,6691,1480.4299999999998
19.11.2018,6693,6842,6386,6464,1304.695
20.11.2018,6465,6548,6068,6194,1162.1925
21.11.2018,6194,6638,6173,6592,1296.4374999999998
22.11.2018,6592,6620,6388,6433,1544.4575
27.11.2018,6431,6729,6321,6662,1149.06
28.11.2018,6664,6771,6605,6631,1123.1825000000003
29.11.2018,6631,6744,6493,6683,1148.9175
02.12.2018,6683,6721,6618,6652,895.08
03.12.2018,6653,6679,5847,6007,1239.8075
06.12.2018,6121,6271,6025,6190,1565.3849999999998
09.12.2018,6190,6211,6073,6124,1303.3524999999995
10.12.2018,6124,6192,5937,6065,1245.8849999999998
11.12.2018,6066,6117,5969,5985,887.6
12.12.2018,5987,5987,5732,5842,1984.905
17.12.2018,6280,6610,6216,6564,1447.1049999999998
18.12.2018,6562,6609,6474,6558,1109.1950000000002
19.12.2018,6558,6725,6354,6627,919.505
20.12.2018,6626,6640,6393,6445,1447.0200000000002
23.12.2018,6448,6570,6392,6509,1212.3925
27.12.2018,6688,6696,6605,6639,1009.2775
30.12.2018,6638,6740,6269,6328,1892.1975
01.01.2019,6333,6343,6217,6294,1272.9025
02.01.2019,6294,6319,6083,6111,1128.695
03.01.2019,6111,6274,6026,6125,968.1875000000002
08.01.2019,6319,6649,6272,6600,893.5899999999998
09.01.2019,6600,7391,6587,7254,972.0699999999998
10.01.2019,7255,7518,7182,7277,618.7800000000001
13.01.2019,7260,7448,7223,7360,841.3275000000001
14.01.2019,7363,7618,7218,7294,1315.14
17.01.2019,7470,7738,7283,7645,1381.515
20.01.2019,7645,8293,7640,8166,1559.0
21.01.2019,8171,8421,7997,8122,1498.0225000000005
22.01.2019,8123,8257,8059,8080,1111.745
23.01.2019,8080,8210,7739,8168,1348.64
28.01.2019,8138,8210,7801,8094,1160.8225
29.01.2019,8097,8138,7606,7633,1291.8125
30.01.2019,7643,7711,7405,7420,1083.7426
31.01.2019,7420,7640,7380,7486,993.025
03.02.2019,7484,7506,7230,7328,563.8196999999999
06.02.2019,6994,7097,6827,6862,2.9439999999999995
07.02.2019,6862,7089,6782,6818,3.5011
10.02.2019,6787,6788,6068,6256,4.370800000000001
11.02.2019,6262,6489,6131,6448,3.3327
12.02.2019,6461,6564,6085,6128,3.7416
17.02.2019,6279,6471,6095,6215,3.7146
18.02.2019,6215,6223,5827,6011,5.390500000000002
19.02.2019,6011,6556,6011,6311,4.602600000000001
20.02.2019,6313,6414,6155,6195,4.3912
21.02.2019,6195,6491,6176,6415,5.5691
26.02.2019,6469,6485,6327,6395,2.9448
27.02.2019,6395,6419,6173,6389,3.4079
28.02.2019,6392,6814,6238,6271,4.205400000000001
03.03.2019,6271,6422,6192,6359,3.3603
04.03.2019,6359,6582,6359,6551,3.1862000000000004
07.03.2019,6619,6703,6595,6664,2.6963
10.03.2019,6663,7065,6654,7023,3.5428
11.03.2019,7023,7060,6852,6985,3.450499999999999
12.03.2019,6985,7003,6739,6854,3.1352000000000007
13.03.2019,6854,7027,6830,6988,2.9717
18.03.2019,7224,7266,7134,7241,2.7452
19.03.2019,7241,7344,7174,7307,2.7821
20.03.2019,7307,7327,6804,6893,3.3786
21.03.2019,6893,6921,6211,6390,5.088
24.03.2019,6390,6472,6269,6385,3.3776
27.03.2019,6328,6333,6154,6245,3.5546999999999995
28.03.2019,6245,6345,6121,6196,3.2731999999999988
31.03.2019,6194,6282,6142,6255,3.6167
01.04.2019,6252,6467,6240,6407,3.0357
02.04.2019,6407,6522,6331,6475,2.8906999999999994
07.04.2019,6441,6470,6150,6156,2.7537000000000003
08.04.2019,6156,6324,6156,6258,2.3155
09.04.2019,6266,6454,6051,6364,1.8971
10.04.2019,6365,6390,6280,6317,1.6960000000000002
11.04.2019,6317,6717,6301,6658,3.7775
16.04.2019,6619,6661,6515,6569,2.4233
17.04.2019,6571,6571,6271,6329,3.3804000000000003
18.04.2019,6329,6485,6316,6442,2.5307000000000004
21.04.2019,6442,6672,6372,6634,2.7068000000000003
22.04.2019,6635,6736,6478,6588,3.4303
25.04.2019,6503,6587,6446,6508,2.4613000000000005
28.04.2019,6506,6553,6400,6486,1.8392000000000004
29.04.2019,6480,6505,6353,6406,2.1052000000000004
30.04.2019,6404,6565,6373,6516,1.6831999999999998
01.05.2019,6512,6548,6472,6509,1.5506
06.05.2019,6485,6637,6476,6588,1.3615000000000002
07.05.2019,6589,6604,6510,6567,1.1506000000000003
08.05.2019,6567,6609,6410,6528,1.1860999999999997
09.05.2019,6526,6563,6061,6185,2.6805
12.05.2019,6188,6248,6086,6190,1.5679
15.05.2019,6210,7256,6148,6333,3.3589
16.05.2019,6334,6432,6322,6397,0.5732
19.05.2019,6397,6425,6351,6375,0.3011
20.05.2019,6376,6429,6297,6332,0.3535
21.05.2019,6332,6348,6297,6322,0.4059
26.05.2019,6375,6378,6315,6354,0.2507999999999999
27.05.2019,6353,6356,6298,6331,0.2882
28.05.2019,6333,6400,6330,6365,0.3941000000000001
29.05.2019,6365,6369,6301,6339,0.6358999999999999
30.05.2019,6342,6390,6321,6345,0.3076
04.06.2019,6336,6359,6149,6184,0.471
05.06.2019,6184,6230,6176,6208,0.351
06.06.2019,6208,6294,6143,6243,0.3882
09.06.2019,6243,6278,6234,6278,0.2978
10.06.2019,6278,6319,6272,6294,0.4111000000000001
13.06.2019,6354,6380,6313,6342,0.3876999999999999
16.06.2019,6341,6393,6327,6362,0.3798000000000001
17.06.2019,6361,6478,6361,6443,0.4277999999999999
18.06.2019,6442,6453,6332,6360,0.4505000000000001
19.06.2019,6360,6366,6251,6269,0.4033999999999999
24.06.2019,6258,6324,6247,6251,0.4215
25.06.2019,6249,6268,6199,6219,0.54
26.06.2019,6219,6233,5248,5491,0.6783
27.06.2019,5485,5581,5145,5409,1.0068
30.06.2019,5419,5549,5381,5386,0.5304000000000001
03.07.2019,5485,5499,4633,4731,2.4368
04.07.2019,4723,4832,3995,4278,2.7155
07.07.2019,4277,4571,4131,4391,2.3791000000000007
08.07.2019,4391,4530,4304,4370,1.5493
09.07.2019,4370,4387,4033,4199,1.8468
14.07.2019,3988,4031,3461,3604,2.2663
15.07.2019,3604,3738,3505,3710,1.8535000000000004
16.07.2019,3706,4298,3688,4163,2.291200000000001
17.07.2019,4161,4342,4029,4124,2.3372
18.07.2019,4124,4238,3808,3871,2.2676
23.07.2019,4086,4100,3688,3813,1.7164
24.07.2019,3813,3973,3685,3839,1.6802
25.07.2019,3839,3854,3608,3663,1.5614
28.07.2019,3663,3783,3490,3538,1.7906000000000002
29.07.2019,3537,3564,3155,3330,1.9703
01.08.2019,3464,3531,3296,3341,1.5894
04.08.2019,3341,3368,3239,3313,1.3742000000000003
05.08.2019,3313,3428,3266,3381,1.1872999999999998
06.08.2019,3381,3382,3165,3195,1.1534
07.08.2019,3196,3234,3077,3098,1.0344999999999998
12.08.2019,3143,3524,3123,3433,1.1061
13.08.2019,3432,3513,3375,3476,1.233
14.08.2019,3476,3863,3463,3608,1.8802000000000003
15.08.2019,3608,4112,3603,3935,2.5535
18.08.2019,3935,4102,3716,3789,2.7671
21.08.2019,3889,4176,3850,4005,1.9611
25.08.2019,3732,3802,3626,3716,2.0283999999999995
26.08.2019,3716,3780,3509,3526,1.9009
27.08.2019,3525,3901,3508,3833,1.7865
01.09.2019,3761,3785,3576,3613,1.2096
03.09.2019,3659,3839,3650,3825,1.7714
04.09.2019,3825,3855,3702,3734,1.435
05.09.2019,3734,3791,3672,3774,1.3676
10.09.2019,3973,4010,3914,3947,1.2647
11.09.2019,3946,4049,3890,3940,1.3137
12.09.2019,3939,3986,3910,3944,1.2655999999999998
15.09.2019,3943,3976,3513,3571,1.5077999999999998
16.09.2019,3571,3637,3530,3589,1.0555999999999996
19.09.2019,3456,3651,3436,3604,0.9797
22.09.2019,3604,3628,3487,3509,1.073
23.09.2019,3509,3606,3507,3544,1.295
24.09.2019,3544,3599,3485,3565,1.0676
25.09.2019,3565,3591,3520,3552,0.9536000000000004
30.09.2019,3480,3509,3448,3462,0.9124
01.10.2019,3462,3551,3373,3514,0.8902000000000001
02.10.2019,3513,3555,3462,3485,0.7263999999999999
03.10.2019,3484,3535,3470,3511,0.9934
06.10.2019,3511,3519,3452,3498,0.8414
09.10.2019,3482,3483,3321,3357,1.1444
10.10.2019,3357,3381,3285,3341,1.054
13.10.2019,3341,3400,3313,3373,0.8912000000000001
14.10.2019,3373,3413,3337,3357,0.8576999999999999
15.10.2019,3358,3397,3313,3390,0.8852000000000001
20.10.2019,3335,3377,3333,3358,0.7246
21.10.2019,3358,3371,3339,3363,0.5007
22.10.2019,3363,3385,3278,3306,0.8510999999999999
23.10.2019,3306,3322,3293,3299,0.7798999999999998
24.10.2019,3299,3651,3285,3534,1.0186
29.10.2019,3546,3597,3520,3533,0.8434
30.10.2019,3533,3559,3491,3517,0.9506
31.10.2019,3516,3569,3501,3512,0.9602000000000002
02.11.2019,3512,3530,3477,3510,32.6478
03.11.2019,3511,3557,3487,3504,133.1802
06.11.2019,3526,3857,3526,3792,567.7498
07.11.2019,3792,3911,3770,3828,398.618
09.11.2019,3828,3904,3806,3853,295.8448000000001
10.11.2019,3853,3927,3809,3839,236.52630000000005
11.11.2019,3837,3896,3826,3881,221.1978
14.11.2019,3725,3800,3669,3747,496.9639
16.11.2019,3747,3773,3706,3730,214.90270000000004
17.11.2019,3731,3763,3600,3689,190.922
18.11.2019,3689,3826,3681,3741,266.83309999999994
19.11.2019,3741,3784,3726,3769,151.18220000000002
23.11.2019,3730,3746,3613,3641,281.55659999999995
24.11.2019,3641,3812,3623,3774,245.7912
25.11.2019,3774,3832,3751,3787,192.948
26.11.2019,3785,3830,3770,3811,195.16610000000003
27.11.2019,3811,3851,3789,3807,208.60780000000003
01.12.2019,3837,3853,3761,3789,159.67620000000005
02.12.2019,3789,3817,3739,3806,192.40200000000004
03.12.2019,3806,3813,3768,3792,133.6685
04.12.2019,3792,3841,3725,3792,134.36700000000002
05.12.2019,3792,3849,3788,3838,147.14939999999996
09.12.2019,3915,3957,3875,3912,157.6566
10.12.2019,3912,3952,3890,3932,166.2887
11.12.2019,3932,3959,3904,3951,184.98440000000005
12.12.2019,3951,3997,3862,3918,163.92550000000006
14.12.2019,3918,3944,3907,3918,1.1945
17.12.2019,3903,3922,3804,3833,0.8292000000000002
18.12.2019,3832,3886,3825,3858,1.8845
19.12.2019,3858,3978,3850,3954,1.4029000000000005
21.12.2019,3954,3981,3939,3956,0.394
22.12.2019,3956,4046,3951,4014,0.8757
25.12.2019,4038,4093,4000,4072,1.4167000000000003
26.12.2019,4068,5027,4067,4747,22.753699999999995
28.12.2019,4743,5256,4726,5240,21.736899999999995
29.12.2019,5240,5289,4732,4791,88.3669
30.12.2019,4789,5010,4781,4940,51.9023
02.01.2020,5084,5290,5076,5197,128.9605
04.01.2020,5193,5255,5093,5162,88.50789999999999
05.01.2020,5160,5403,5102,5244,60.01969999999999
06.01.2020,5244,5286,4918,4995,175.89499999999995
07.01.2020,4994,5058,4864,4984,118.64929999999998
11.01.2020,5029,5132,4892,4965,32.5033
12.01.2020,4963,5172,4951,5126,28.3315
13.01.2020,5125,5211,5124,5165,29.1753
14.01.2020,5160,5260,5149,5251,27.025099999999995
15.01.2020,5248,5296,5141,5210,25.6702
19.01.2020,5181,5379,5181,5311,45.7827
20.01.2020,5309,5564,5300,5522,77.804
21.01.2020,5521,5563,5319,5379,157.77120000000002
22.01.2020,5378,5453,5324,5438,46.7036
23.01.2020,5437,5442,4931,5037,150.366
27.01.2020,5070,5131,5027,5072,26.0852
28.01.2020,5071,5228,5045,5180,24.479199999999995
29.01.2020,5176,5298,5176,5249,26.899500000000003
30.01.2020,5248,5364,5232,5349,40.2262
01.02.2020,5345,5738,5313,5629,91.57850000000002
04.02.2020,5688,5698,5507,5638,379.38650000000007
05.02.2020,5634,5910,5620,5786,17.6949
06.02.2020,5786,5855,5605,5842,16.517899999999997
08.02.2020,5840,6037,5797,6023,27.6328
09.02.2020,6020,6370,6017,6231,30.822400000000005
12.02.2020,7094,7916,6809,7808,85.34290000000001
13.02.2020,7807,8279,7540,7664,214.6185
15.02.2020,7661,8207,7568,8113,111.9687
16.02.2020,8110,8330,7619,7619,53.269700000000014
17.02.2020,7619,7901,6537,7044,145.24810000000002
20.02.2020,8024,8239,7522,7949,101.6981
22.02.2020,7949,8085,7728,8033,104.4515
23.02.2020,8031,8054,7649,7778,75.57249999999999
24.02.2020,7778,7823,7422,7823,79.42649999999999
25.02.2020,7821,8122,7742,8057,100.6968
29.02.2020,8587,8885,8578,8697,250.76340000000005
01.03.2020,8697,8792,8510,8631,104.54599999999998
02.03.2020,8628,8699,8374,8589,59.8047
03.03.2020,8585,9026,8357,8403,94.40149999999996
04.03.2020,8403,8457,7973,8447,164.27729999999997
09.03.2020,8627,8704,8274,8499,71.34270000000001
10.03.2020,8496,8506,7449,7595,180.6102
11.03.2020,7592,7866,7385,7676,84.21809999999999
12.03.2020,7671,7813,7403,7631,69.84049999999999
15.03.2020,7628,8074,7627,7842,63.980900000000005
18.03.2020,7656,8024,7456,7889,113.7458
19.03.2020,7888,7997,7658,7871,57.93950000000001
22.03.2020,7869,8216,7766,8065,79.4766
23.03.2020,8062,8236,8005,8203,49.89839999999998
24.03.2020,8201,8411,8125,8394,62.2188
29.03.2020,8874,9364,8863,9217,258.0066
30.03.2020,9210,9417,8876,9068,129.39300000000003
31.03.2020,9065,9151,8896,9107,96.8358
01.04.2020,9105,9541,9082,9504,79.01899999999999
02.04.2020,9503,9896,9413,9881,156.88349999999997
07.04.2020,10969,11187,10493,10799,884.7136999999998
08.04.2020,10799,11412,10793,11310,726.4464
09.04.2020,11310,13797,11309,12680,825.6772
12.04.2020,12684,13288,10250,10621,1272.1930000000002
13.04.2020,10620,12342,10410,12160,1052.4589
16.04.2020,11331,11360,9933,10426,1257.5857
19.04.2020,10426,10865,9601,10651,1147.9434
20.04.2020,10651,11513,10539,11323,1154.0696
21.04.2020,11322,11996,11258,11665,852.0694
22.04.2020,11665,11685,10721,10977,761.5412000000001
27.04.2020,11452,12240,11276,12152,770.5478999999999
28.04.2020,12151,12769,12073,12347,963.8601
29.04.2020,12347,13132,11583,11725,943.9996
30.04.2020,11725,12137,10929,11094,1020.4752
03.05.2020,11094,11862,11015,11853,731.233
06.05.2020,10585,10894,9806,10766,964.2520000000002
07.05.2020,10767,11019,9426,9541,1134.0973
10.05.2020,9541,9931,9024,9633,968.1351
11.05.2020,9632,10690,9237,10561,1129.4729000000002
12.05.2020,10561,10737,10069,10472,987.3281
17.05.2020,10451,10627,10011,10269,646.8889999999999
18.05.2020,10269,10326,9811,10091,674.1103999999999
19.05.2020,10086,10088,9459,9617,530.8454
20.05.2020,9611,10125,9606,9816,452.7807000000001
21.05.2020,9815,9890,9603,9775,328.8638
26.05.2020,9450,9658,9063,9458,508.005
27.05.2020,9456,9706,9323,9485,442.5144
28.05.2020,9485,10072,9464,9968,463.5207000000001
31.05.2020,9968,10435,9829,10356,410.8103
01.06.2020,10355,10613,10280,10348,513.1120999999999
04.06.2020,10898,11891,10748,11670,859.0521999999999
07.06.2020,11670,12261,11500,11589,525.4709999999999
08.06.2020,11589,12087,11153,11807,754.8149999999999
09.06.2020,11807,12013,11420,11540,742.9108
10.06.2020,11540,11996,11532,11806,432.8112999999999
15.06.2020,11355,11524,11176,11360,292.3805
16.06.2020,11360,11384,10692,10821,330.7175
17.06.2020,10821,10834,9979,10106,409.3418
18.06.2020,10106,10336,9427,10314,532.6034999999999
21.06.2020,10314,10482,9693,10337,647.0509999999998
24.06.2020,10295,10774,10216,10621,430.48780000000016
25.06.2020,10621,10894,10509,10650,433.3074
28.06.2020,10650,10785,9810,10094,528.8401
29.06.2020,10094,10177,9704,10122,633.846
30.06.2020,10122,10413,9993,10304,569.3156000000001
04.07.2020,9934,10603,9850,10206,567.1794000000001
05.07.2020,10205,10336,9970,10085,301.7839000000001
06.07.2020,10084,10223,9509,9611,389.6248
07.07.2020,9611,9688,9270,9468,159.04029999999997
08.07.2020,9469,9636,9303,9570,1.2669
12.07.2020,9584,10411,9579,10351,246.10280000000003
13.07.2020,10352,10721,10233,10654,501.6905999999999
14.07.2020,10653,10771,10328,10572,504.36140000000006
15.07.2020,10572,10639,10415,10462,500.56909999999993
16.07.2020,10462,10888,10153,10301,581.8070000000001
20.07.2020,10306,10475,10016,10179,534.9309000000001
21.07.2020,10179,10332,9881,9994,480.7025
22.07.2020,9992,10197,9809,10040,435.6563
23.07.2020,10040,10318,9981,10274,352.9125
25.07.2020,10274,10407,10106,10213,395.0206
28.07.2020,10218,10319,10019,10157,274.7793
29.07.2020,10154,10290,10080,10194,267.9419
30.07.2020,10194,10203,10029,10138,201.49810000000005
31.07.2020,10136,10310,9592,10200,335.7982
01.08.2020,10200,10254,10008,10079,266.64840000000004
04.08.2020,9951,10018,9628,9711,492.0901999999999
05.08.2020,9711,9758,8048,8523,507.1076999999999
06.08.2020,8523,8742,8168,8452,549.0234
09.08.2020,8452,8595,7681,8037,625.2168999999999
10.08.2020,8037,8075,7812,8003,413.06860000000006
13.08.2020,7953,8303,7658,8181,611.8265000000001
16.08.2020,8181,8472,8137,8318,601.2124000000001
17.08.2020,8318,8359,8120,8176,352.9879
18.08.2020,8176,8359,8030,8091,264.055
19.08.2020,8088,8239,7972,8109,287.48959999999994
22.08.2020,7850,8254,7714,8159,536.0352
23.08.2020,8158,8285,8057,8072,484.9078
24.08.2020,8072,8634,8065,8532,698.1349000000001
25.08.2020,8531,8604,8399,8523,525.6807
26.08.2020,8523,8755,8232,8283,520.1364
29.08.2020,8192,8347,8163,8285,370.4961
30.08.2020,8285,8360,8059,8085,447.7277
31.08.2020,8085,8118,7856,7930,319.0865
01.09.2020,7930,8070,7883,7989,335.2472
02.09.2020,7988,8063,7765,7889,489.7171
05.09.2020,8167,8287,8102,8149,460.97440000000006
06.09.2020,8148,8256,8021,8067,464.2841
07.09.2020,8067,8067,7247,7433,483.9418
08.09.2020,7432,7454,7302,7399,489.1535999999999
09.09.2020,7399,8712,7341,8511,724.9961999999999
12.09.2020,9565,9876,9213,9401,954.0924
13.09.2020,9400,9504,9034,9388,768.8908000000002
14.09.2020,9388,9414,8945,9128,636.7866
15.09.2020,9127,9373,8903,9154,655.7828000000001
16.09.2020,9155,9302,9004,9154,697.3085000000001
18.09.2020,9102,9108,9022,9099,0.0771
19.09.2020,9097,9507,9071,9385,538.0761
20.09.2020,9385,9425,9133,9300,556.2699
21.09.2020,9297,9389,9201,9261,541.4553999999999
22.09.2020,9261,9315,9031,9153,562.1563
23.09.2020,9153,9194,8617,8743,538.3482
25.09.2020,8978,8990,8969,8983,0.0465
26.09.2020,8983,9040,8549,8676,425.9846999999999
27.09.2020,8675,8808,8509,8707,384.3381
28.09.2020,8706,8779,8651,8695,374.4004
29.09.2020,8695,8730,8505,8593,343.64520000000005
30.09.2020,8592,8713,8326,8410,402.7581
02.10.2020,8472,8507,8467,8497,0.0104
03.10.2020,8495,8498,7982,8163,409.5621
04.10.2020,8163,8163,7942,8049,425.0918999999999
05.10.2020,8049,8164,7971,8029,366.2686999999999
06.10.2020,8029,8059,7344,7537,469.3608
07.10.2020,7533,7654,6739,7272,667.6021
09.10.2020,6999,7043,6981,6989,0.091
10.10.2020,6988,7318,6471,7154,930.1218
11.10.2020,7152,7283,6974,7056,812.4995999999998
12.10.2020,7056,7615,6795,7493,897.0403999999999
13.10.2020,7493,7602,7369,7507,556.4920000000001
14.10.2020,7507,7807,7319,7688,616.1748000000001
16.10.2020,7297,7329,7260,7323,0.0636
17.10.2020,7320,7395,7109,7260,602.943
18.10.2020,7259,7355,7188,7273,490.23960000000005
19.10.2020,7272,7713,7040,7129,620.8940999999999
20.10.2020,7127,7431,7108,7323,602.6841
21.10.2020,7323,7546,7255,7384,476.1058999999999
23.10.2020,7479,7500,7479,7488,0.0251
24.10.2020,7486,7596,7230,7304,290.88769999999994
25.10.2020,7301,7333,7106,7164,434.8142
26.10.2020,7163,7211,7075,7134,335.3218
27.10.2020,7133,7230,7025,7143,437.0202000000001
28.10.2020,7143,7241,7126,7198,303.2185
30.10.2020,7072,7072,7051,7063,0.0194
31.10.2020,7062,7082,6775,6817,343.97540000000004
01.11.2020,6817,6877,6520,6558,438.3546
02.11.2020,6558,7165,6379,7075,694.8688000000001
03.11.2020,7075,7386,6989,7099,558.5252999999999
04.11.2020,7096,7159,7023,7152,259.8393
06.11.2020,7362,7365,7329,7349,0.0538
07.11.2020,7350,7631,7236,7260,271.6235
08.11.2020,7259,7368,7103,7189,588.5238
09.11.2020,7189,7190,7145,7152,0.1679999999999999
10.11.2020,7150,7370,7111,7132,413.1830000000001
11.11.2020,7130,7195,7006,7155,273.771
13.11.2020,7334,7340,7300,7332,0.1004
14.11.2020,7332,7366,7146,7186,313.26640000000003
15.11.2020,7186,7242,7059,7101,370.5045999999999
16.11.2020,7101,7165,7101,7158,0.0759
17.11.2020,7157,7157,6850,6902,279.65620000000007
18.11.2020,6901,7342,6803,7253,630.435
20.11.2020,7372,7372,7305,7305,0.0638
21.11.2020,7303,7548,7259,7518,622.8252999999997
22.11.2020,7518,8133,7518,7965,1074.1287
23.11.2020,7964,8406,7817,7949,1097.9724
24.11.2020,7949,8053,7692,7729,978.5587
25.11.2020,7729,8077,7623,8016,853.4101999999999
27.11.2020,8079,8086,8039,8044,0.0545
28.11.2020,8041,8137,7992,8074,324.1281
29.11.2020,8074,8800,8050,8684,1001.5448000000002
30.11.2020,8684,8844,8504,8767,809.2383
01.12.2020,8764,8806,8528,8622,752.8247999999999
02.12.2020,8622,8951,8608,8812,702.3487999999999
04.12.2020,8584,8691,8582,8662,0.1159
05.12.2020,8661,8687,8443,8614,586.2073999999999
06.12.2020,8614,8713,8430,8664,608.7655
07.12.2020,8663,8734,8517,8582,480.9563
08.12.2020,8582,8609,8223,8325,498.25700000000006
09.12.2020,8324,8454,8163,8417,503.6602
11.12.2020,8498,8529,8497,8527,0.0491
12.12.2020,8526,8934,8480,8889,638.4934
13.12.2020,8889,9124,8818,8986,767.8143999999999
14.12.2020,8986,9375,8982,9300,646.9268999999998
15.12.2020,9300,9507,9131,9499,742.5061
16.12.2020,9499,9508,9143,9248,565.8916
18.12.2020,9378,9387,9365,9384,0.0503
19.12.2020,9384,9549,9165,9219,494.5014
20.12.2020,9219,9286,9023,9081,435.7792999999999
21.12.2020,9081,9711,9074,9633,758.8698999999999
22.12.2020,9633,9801,9474,9681,768.9685000000001
23.12.2020,9681,9815,9598,9673,623.8201000000001
25.12.2020,10002,10032,9999,10020,0.0378
26.12.2020,10018,10137,9702,9811,684.4899999999999
27.12.2020,9811,10329,9656,10187,693.3803
28.12.2020,10187,10424,10165,10335,692.2079999999999
29.12.2020,10335,10454,10031,10126,807.2579000000002
30.12.2020,10126,10334,10047,10314,872.1054
02.01.2021,9724,9734,9706,9714,0.0762
03.01.2021,9711,9946,9418,9591,733.2910000000003
04.01.2021,9588,10223,9556,10105,686.3074
05.01.2021,10105,10246,9262,9560,735.0216000000001
06.01.2021,9560,9651,9360,9554,636.6475999999999
07.01.2021,9553,9713,9522,9660,687.4778
09.01.2021,9830,9842,9828,9828,0.031
10.01.2021,9828,9968,9431,9549,607.4461
11.01.2021,9548,9620,9190,9328,444.5346
12.01.2021,9327,9365,8570,8687,318.1735
13.01.2021,8687,8914,8467,8698,552.0071999999999
14.01.2021,8698,8843,8381,8560,824.3341999999999
16.01.2021,8425,8471,8404,8455,0.1425
17.01.2021,8457,8892,8433,8888,697.0164
18.01.2021,8888,8916,8605,8680,577.3498000000001
19.01.2021,8680,8790,8614,8678,509.9443000000001
20.01.2021,8678,9113,8672,9059,742.3268
21.01.2021,9059,9124,8943,9062,767.5138000000002
24.01.2021,8215,8235,7580,7800,773.0391000000003
25.01.2021,7799,8096,7680,7942,547.1348
26.01.2021,7942,7980,7535,7804,580.1595
27.01.2021,7804,7934,5542,5668,933.9615
28.01.2021,5668,5936,3851,5389,1067.2215
31.01.2021,5118,5897,4378,4849,1074.8479
01.02.2021,4850,5448,4811,5411,1159.1124000000002
02.02.2021,5411,5505,4967,5282,1180.5893999999998
03.02.2021,5282,6336,5212,6199,1169.6039
04.02.2021,6199,6888,5645,5916,1346.8471
07.02.2021,5881,6579,5635,6357,1104.883
08.02.2021,6357,6808,6305,6699,1165.2362
09.02.2021,6699,6929,6417,6542,1075.9617000000003
10.02.2021,6542,6738,6476,6691,922.1241
11.02.2021,6690,6811,6531,6627,706.7071000000001
14.02.2021,5891,6467,5799,6423,893.8978000000001
15.02.2021,6423,6572,6287,6424,857.4620999999999
16.02.2021,6424,6439,6103,6295,856.8605
17.02.2021,6295,7194,6294,6694,1211.4614
18.02.2021,6690,6989,6562,6647,1180.8010000000002
21.02.2021,6701,7266,6672,7173,1116.6702
22.02.2021,7173,7411,7023,7065,1101.5324
23.02.2021,7065,7371,7030,7266,1048.2164999999998
24.02.2021,7266,7340,7060,7248,782.046
25.02.2021,7248,7268,6696,6866,1015.2727999999998
28.02.2021,7073,7097,6535,6771,907.1028
01.03.2021,6772,6929,6722,6817,996.6466
02.03.2021,6817,6883,6636,6693,686.9103
03.03.2021,6693,7095,6424,7003,943.6294999999998
04.03.2021,7003,7156,6945,7004,968.4654
07.03.2021,7092,7167,6705,6810,1030.5636000000002
08.03.2021,6810,6897,6719,6840,868.9962000000002
09.03.2021,6840,7111,6772,7063,783.924
10.03.2021,7063,7706,6980,7484,952.687
11.03.2021,7484,7562,7341,7477,698.0361
14.03.2021,7600,7742,7535,7654,772.1967999999999
15.03.2021,7654,7740,7616,7680,791.8286000000002
16.03.2021,7680,8917,7665,8878,1136.9606
17.03.2021,8878,9414,8356,8771,1501.607
18.03.2021,8771,9014,8536,8676,1051.3193
21.03.2021,8778,8909,8480,8866,951.3427
22.03.2021,8866,9065,8732,8899,951.4865
23.03.2021,8898,9340,8867,9197,1054.7829000000002
24.03.2021,9197,9911,8989,9751,1193.5694
25.03.2021,9751,10016,9677,9944,1151.0562999999995
28.03.2021,8675,9116,8146,8580,1334.3592
29.03.2021,8580,8922,8426,8768,1194.6733000000002
30.03.2021,8768,9287,8693,9246,1251.3452
31.03.2021,9246,9889,9213,9603,1256.8629
01.04.2021,9603,9793,9092,9186,866.9855000000001
04.04.2021,9676,9899,9415,9621,724.8217
05.04.2021,9621,9841,9410,9638,1039.5514999999998
06.04.2021,9638,9783,9259,9535,848.5646999999998
07.04.2021,9535,9535,8748,9002,892.7840000000001
08.04.2021,9002,9211,8876,9128,690.6516999999999
11.04.2021,8944,9022,8581,8860,938.1555
12.04.2021,8860,8962,8644,8803,725.4947000000002
13.04.2021,8802,9173,8751,9111,481.9104
14.04.2021,9111,9481,9001,9391,525.8281999999999
15.04.2021,9391,9568,9285,9362,530.417
18.04.2021,9450,9639,9334,9624,222.52450000000005
19.04.2021,9624,10357,9246,9464,582.3325
20.04.2021,9464,9592,9341,9528,497.6516
21.04.2021,9528,9829,9405,9731,602.1793000000001
22.04.2021,9731,9806,9567,9660,641.5621999999998
25.04.2021,9671,9754,9599,9647,541.9835
26.04.2021,9647,9835,9528,9693,571.8335000000001
27.04.2021,9693,9959,9651,9812,618.7937
28.04.2021,9812,9954,9038,9283,586.1053
29.04.2021,9281,9496,9177,9408,500.6261999999999
02.05.2021,9325,9433,8854,9426,586.7286
03.05.2021,9426,9535,9329,9439,512.2108000000001
04.05.2021,9439,9505,9189,9318,332.4248
05.05.2021,9315,9423,9257,9288,335.6864999999999
06.05.2021,9281,9374,9178,9259,347.62410000000006
09.05.2021,9253,9611,9217,9590,226.6542
10.05.2021,9590,9731,9524,9575,420.2478999999999
11.05.2021,9575,9612,9146,9233,327.71290000000005
12.05.2021,9233,9264,8940,9219,371.5144
13.05.2021,9219,9279,8976,9132,392.4339999999999
16.05.2021,9053,9138,8963,9124,460.1338999999999
17.05.2021,9124,9179,9008,9090,484.7868
18.05.2021,9091,9241,9037,9184,471.1514
19.05.2021,9184,9210,8892,9025,554.2063999999999
20.05.2021,9025,9102,9002,9037,438.57499999999993
22.05.2021,8974,8988,8974,8980,0.023
23.05.2021,8952,9295,8870,9220,194.8783
24.05.2021,9220,9323,9151,9200,323.12339999999995
25.05.2021,9199,9420,9175,9376,308.6462
26.05.2021,9376,9416,9109,9182,277.4548
27.05.2021,9182,9200,9070,9175,229.9916
29.05.2021,9205,9207,9191,9192,0.0416
30.05.2021,9176,9287,9145,9193,3.0510999999999995
31.05.2021,9187,9223,9070,9217,1.1114
01.06.2021,9217,9221,9101,9157,0.6728000000000002
02.06.2021,9154,9173,8977,9047,0.9242
03.06.2021,9046,9126,9023,9109,0.5751
05.06.2021,9072,9082,9058,9075,0.0476
06.06.2021,9117,9180,9082,9120,0.6532999999999999
07.06.2021,9118,9381,9098,9323,0.8905
08.06.2021,9319,9344,9230,9322,0.4977999999999999
09.06.2021,9319,9622,9313,9534,0.7139000000000002
10.06.2021,9535,9566,9421,9537,0.4226999999999999
12.06.2021,9958,9959,9902,9921,0.0897
13.06.2021,9826,10895,9819,10827,1.9576
14.06.2021,10825,11351,10534,10920,2.2897000000000003
15.06.2021,10933,11240,10795,11162,1.4815
16.06.2021,11163,11294,10797,11092,1.4054000000000002
17.06.2021,11098,11398,10922,11271,0.8490999999999999
18.06.2021,11569,11797,11514,11779,0.3419
19.06.2021,11196,11214,10907,11050,0.2265
20.06.2021,11034,11424,10908,11315,1.0359000000000005
21.06.2021,11335,11365,10986,11155,0.6244999999999999
22.06.2021,11159,11669,11045,11628,0.564
23.06.2021,11641,11857,11498,11794,0.7348
24.06.2021,11806,11860,11294,11452,0.6762
27.06.2021,11618,12026,11463,11803,1.2681999999999998
28.06.2021,11802,11885,11080,11154,2.0625
29.06.2021,11138,11568,11072,11508,1.3462
30.06.2021,11507,11606,11223,11553,1.4476999999999998
01.07.2021,11591,11805,11569,11760,2.1234
04.07.2021,11793,12420,11719,12271,2.2526000000000006
05.07.2021,12269,12359,11780,11974,2.8766000000000003
06.07.2021,11969,12037,11539,11659,4.0539
07.07.2021,11661,11835,11622,11807,2.7992
08.07.2021,11804,11837,11557,11620,2.4787
09.07.2021,11515,11553,11496,11551,0.359
10.07.2021,11485,11500,11470,11477,0.1555
11.07.2021,11612,11769,11540,11676,1.8551
12.07.2021,11666,11730,11067,11208,2.9933
13.07.2021,11220,11485,11200,11453,1.9241
14.07.2021,11454,11537,11072,11208,2.5164
15.07.2021,11206,11494,11199,11454,2.1202
16.07.2021,11409,11484,11381,11464,0.1873
17.07.2021,11507,11547,11502,11544,0.1795
18.07.2021,11579,11723,11527,11622,1.5535
19.07.2021,11618,12005,11488,11971,2.6049
20.07.2021,11965,12005,11165,11343,2.6906
21.07.2021,11340,11452,10495,10764,4.511699999999999
22.07.2021,10757,10778,9893,10578,3.745
23.07.2021,10578,10612,9831,10063,4.589200000000001
24.07.2021,10063,10272,9935,10211,4.309800000000001
25.07.2021,10304,10327,9864,10131,4.371
26.07.2021,10126,10422,9906,9995,4.8982
27.07.2021,9981,10328,9840,10240,3.3982
28.07.2021,10231,10470,10160,10284,1.9464
29.07.2021,10284,10362,10188,10304,0.5174000000000001
30.07.2021,10303,10459,10257,10419,0.7956000000000003
31.07.2021,10415,10559,10197,10295,0.5921000000000001
01.08.2021,10295,10741,10232,10673,0.7777999999999999
02.08.2021,10673,10917,10607,10847,0.9474999999999998
03.08.2021,10847,11076,10649,10978,1.0163
04.08.2021,10977,11026,10733,10920,0.8955
05.08.2021,10920,11020,10801,10864,0.6923999999999999
06.08.2021,10864,11157,10861,11073,0.8192999999999999
07.08.2021,11065,11071,10748,10836,0.6886999999999999
08.08.2021,10830,10972,10286,10460,0.9883
09.08.2021,10458,10516,10341,10496,0.7393
10.08.2021,10494,10554,10120,10204,0.7544
11.08.2021,10203,10711,10177,10612,0.9002
12.08.2021,10609,10773,10542,10692,0.8999000000000001
13.08.2021,10692,10801,10634,10701,0.8234999999999999
14.08.2021,10696,10783,10577,10707,0.7247
15.08.2021,10707,10938,10688,10850,0.7693000000000001
16.08.2021,10848,10868,10621,10736,0.7232999999999999
17.08.2021,10736,10847,10648,10687,0.6308
18.08.2021,10685,10908,10432,10588,0.6475
19.08.2021,10586,10642,10366,10520,0.8686000000000001
20.08.2021,10521,10581,10441,10552,0.7426
21.08.2021,10552,10676,10508,10631,0.593
22.08.2021,10624,10758,10609,10724,0.6007999999999999
23.08.2021,10719,10781,10514,10527,0.6076999999999999
24.08.2021,10526,10662,10511,10641,0.5801999999999999
25.08.2021,10641,10941,10520,10878,0.612
26.08.2021,10878,11096,10819,11017,0.5680000000000001
27.08.2021,11017,11463,11002,11347,0.6785
28.08.2021,11343,11421,11248,11310,0.5206000000000001
29.08.2021,11306,11577,11184,11547,0.7329000000000001
30.08.2021,11547,11709,11295,11415,0.8187999999999999
31.08.2021,11415,11532,11278,11372,0.6548
01.09.2021,11372,11607,11249,11526,0.6545
02.09.2021,11522,11530,11197,11298,0.7594
03.09.2021,11293,11384,11249,11333,0.5357999999999999
04.09.2021,11329,11475,11318,11424,0.3772999999999999
05.09.2021,11420,11817,11396,11714,0.6677999999999998
06.09.2021,11714,12036,11668,11885,0.8803999999999998
07.09.2021,11885,12901,11866,12837,1.0438
08.09.2021,12837,13231,12684,13105,1.0674
09.09.2021,13102,13185,12712,12925,0.9389
10.09.2021,12918,13153,12859,13090,0.6892
11.09.2021,13090,13334,12885,13017,0.7152000000000001
12.09.2021,13015,13230,12769,12997,0.9101
13.09.2021,12997,13743,12984,13606,0.8507999999999999
14.09.2021,13606,13836,12884,13196,1.1955000000000005
15.09.2021,13196,13633,12966,13474,0.9166
16.09.2021,13475,13681,13110,13636,1.1892
17.09.2021,13615,14069,13406,13827,2.3707
18.09.2021,13827,13880,13610,13800,2.777799999999999
19.09.2021,13799,13821,13198,13603,1.1757
20.09.2021,13603,13785,13276,13726,1.2075
21.09.2021,13726,14256,13527,14000,1.1278000000000004
22.09.2021,14000,15298,13984,15229,1.5282999999999998
23.09.2021,15231,15951,15189,15529,1.8742000000000003
24.09.2021,15522,15750,14355,14818,2.011
25.09.2021,14806,15634,14665,15320,1.4491999999999998
26.09.2021,15320,15835,14810,15368,1.6355
27.09.2021,15367,15459,15077,15367,1.2607
28.09.2021,15367,15976,15270,15820,1.3618
29.09.2021,15820,16203,15462,16149,1.357
30.09.2021,16149,16471,15955,16272,1.2814
01.10.2021,16264,16349,15703,15982,2.7543999999999995
02.10.2021,15979,16147,15802,15834,2.6558000000000006
03.10.2021,15833,16869,15776,16685,1.3475
04.10.2021,16685,17860,16554,17623,1.5143
05.10.2021,17624,18465,17227,17766,2.0162
06.10.2021,17766,18176,17343,17933,1.56
07.10.2021,17933,18811,17705,18565,1.7336999999999998
08.10.2021,18564,18955,18341,18648,3.5176000000000003
09.10.2021,18643,18740,17603,18568,5.614000000000001
10.10.2021,18571,18759,17988,18405,2.0927
11.10.2021,18405,19420,18060,18925,1.9702
12.10.2021,18920,19480,18624,18860,1.5178
13.10.2021,18860,18910,16203,17031,2.8597
14.10.2021,17030,17454,16425,16980,2.0816
15.10.2021,16980,17870,16856,17741,1.7624
16.10.2021,17730,18329,17520,18248,1.7182000000000002
17.10.2021,18248,19858,18067,19357,2.117
18.10.2021,19358,19893,18120,19036,3.1577
19.10.2021,19036,19320,18318,19131,2.9176000000000006
20.10.2021,19131,19593,18862,19440,2.1778
21.10.2021,19433,19532,18685,18797,2.0168
22.10.2021,18797,19162,18490,18998,1.8727
23.10.2021,18992,19323,18862,19224,1.5295999999999998
24.10.2021,19219,19404,18886,19059,1.6204000000000005
25.10.2021,19053,19274,18596,18748,1.638
26.10.2021,18744,18808,17620,18499,2.2953
27.10.2021,18499,18622,17886,18324,1.6856
28.10.2021,18323,18373,17566,18074,2.3227
29.10.2021,18073,18830,18047,18778,1.5742
30.10.2021,18777,19389,18706,19156,1.8042
31.10.2021,19156,19313,18958,19176,1.859
01.11.2021,19171,19537,19030,19404,1.8722000000000003
02.11.2021,19394,21281,19279,21185,2.1098000000000003
03.11.2021,21185,23742,21179,22763,4.7466
04.11.2021,22762,23260,22340,22880,4.212999999999999
05.11.2021,22874,24156,22771,23969,2.6438
06.11.2021,23949,24270,23096,23389,3.6212
07.11.2021,23389,24089,21932,23122,3.9454
08.11.2021,23119,23600,22364,23418,3.9373
09.11.2021,23418,24060,22790,23274,4.0248
10.11.2021,23274,23536,22625,23382,3.663100000000001
11.11.2021,23382,24619,23358,24390,2.7065
12.11.2021,24389,26800,24340,26645,2.5197000000000003
13.11.2021,26657,28357,25779,26347,4.281199999999999
14.11.2021,26348,27450,26058,26574,4.3474
15.11.2021,26574,27159,25827,26871,4.174
16.11.2021,26871,28976,26870,28887,4.261900000000002
17.11.2021,28887,29275,27970,28968,3.5136000000000007
19.11.2021,29223,33297,29017,31680,3.3730999999999995
20.11.2021,31654,34773,31437,33567,4.7003
21.11.2021,33567,33641,27910,31025,4.9838000000000005
22.11.2021,31023,34255,29924,33782,5.4724
23.11.2021,33759,36511,33353,35918,5.1334
24.11.2021,35919,40373,35770,39717,5.661400000000001
25.11.2021,39716,41967,36586,40051,5.421400000000001
26.11.2021,40054,41423,38765,40849,2.0209999999999995
27.11.2021,40846,41436,34889,38005,2.385
28.11.2021,38013,39026,30288,33927,5.541600000000001
29.11.2021,33971,36588,32482,34664,2.4001999999999994
30.11.2021,34664,37370,32340,37235,2.2459
01.12.2021,37237,40074,36732,38726,2.0583
02.12.2021,38720,39650,34384,36236,44894.1693
03.12.2021,36234,37919,35524,35918,94128.556
04.12.2021,35918,36816,33832,36485,82073.8182
05.12.2021,36546,37405,34755,36206,125384.5403
06.12.2021,36206,37830,36054,36456,127534.57459999998
07.12.2021,36456,36765,33383,34882,113758.02930000004
08.12.2021,34878,35647,30959,31182,114972.9094
09.12.2021,31186,33831,28778,33302,111774.03679999996
10.12.2021,33301,33603,31416,32345,69480.0204
11.12.2021,32342,33059,30935,31888,67653.7825
12.12.2021,31889,34856,31655,32656,1.2676
13.12.2021,32611,32808,30813,31994,1.4439999999999995
14.12.2021,31988,32918,29207,30978,1.6944
15.12.2021,30977,33315,29876,33224,1.7309
16.12.2021,33224,38605,31974,34612,2.0188
17.12.2021,34604,35332,32832,34674,0.8599000000000001
18.12.2021,34674,34771,32184,32549,0.8402999999999998
19.12.2021,32634,34682,32312,33640,1.5511999999999997
20.12.2021,33640,35984,33432,35664,1.4965
21.12.2021,35663,37432,35382,37272,1.3818
22.12.2021,37273,38724,36197,37662,1.9686
23.12.2021,37661,38328,36608,37835,1.553
24.12.2021,37834,40936,37698,40068,1.0024000000000002
25.12.2021,40065,40486,37383,38539,1.3078
26.12.2021,38538,44779,38042,44662,1.4981000000000002
27.12.2021,44662,48184,44273,47272,1.7643999999999995
28.12.2021,47221,47332,43706,44978,1.5137
29.12.2021,44933,48636,44000,46863,1.3804999999999998
30.12.2021,46881,48890,46250,47907,1.6213
31.12.2021,47908,48155,46242,47136,1.0969000000000004
01.01.2022,47135,49644,46896,48808,1.1104
02.01.2022,48808,49280,45891,48160,1.7044
03.01.2022,48163,50545,47031,48535,1.9199
04.01.2022,48535,52597,48492,52343,1.8381
05.01.2022,52339,52512,50859,51991,1.2111
06.01.2022,51991,56285,50731,55591,1.4887
07.01.2022,55595,57452,55028,56483,0.7571999999999999
08.01.2022,56485,58305,53977,57300,1.8219
09.01.2022,57324,57619,47598,54884,2.0416000000000003
10.01.2022,54884,54982,44905,47932,3.3203
11.01.2022,47935,51374,46990,48714,2.3189
12.01.2022,48720,52038,48027,48052,1.9379
13.01.2022,48052,48794,44122,45628,2.5598
14.01.2022,45628,48302,45037,46802,1.41
15.01.2022,46801,46808,42990,45178,2.5918
16.01.2022,45208,49496,44825,48809,1.7732
17.01.2022,48810,50199,47048,47398,1.7699
18.01.2022,47397,52595,47341,50898,1.7233
19.01.2022,50898,51757,47461,47872,2.1108
20.01.2022,47879,49429,46276,49008,1.9635
21.01.2022,49009,49338,47047,48550,1.1942
22.01.2022,48550,51302,48467,50047,1.4964
23.01.2022,50042,51951,49300,51834,1.5539
24.01.2022,51834,54781,51398,54267,1.4879000000000004
25.01.2022,54265,57340,53001,56888,1.7425
26.01.2022,56883,57870,54268,57564,2.0765
27.01.2022,57563,58100,55025,56920,1.6924
28.01.2022,56921,61722,56056,60239,1.9262
29.01.2022,61031,61625,60494,60899,0.4373
30.01.2022,60220,60696,54677,56365,2.0313000000000003
31.01.2022,56367,56910,53227,56340,1.9064
01.02.2022,56340,58284,54132,57707,2.1488
02.02.2022,57705,60059,57021,57449,1.8791000000000004
03.02.2022,57450,59419,56255,58361,1.6208
04.02.2022,58359,59820,57803,58500,0.9143
05.02.2022,58500,58770,55504,57773,1.3599
06.02.2022,57773,58381,54202,54509,1.9346
07.02.2022,54509,55797,52961,54400,1.9921
08.02.2022,54402,57166,53160,54004,1.7026999999999997
09.02.2022,54003,54180,50405,51942,1.9813
10.02.2022,51949,54252,51205,53956,2.1494
11.02.2022,53960,56218,53951,55854,0.9962
12.02.2022,55854,56564,54692,54792,1.1276999999999997
13.02.2022,54789,58357,54774,57200,1.696
14.02.2022,57192,59394,57022,58621,1.9181
15.02.2022,58621,59785,56876,58917,2.0956
16.02.2022,58919,59441,57930,58809,1.6891999999999998
17.02.2022,58810,60052,58452,58626,1.2289000000000003
18.02.2022,58620,59744,57793,58018,0.5204
19.02.2022,58018,58449,56452,57999,0.8559999999999998
20.02.2022,57997,59212,56806,58753,1.4736
21.02.2022,58756,59426,57354,58197,1.2556000000000005
22.02.2022,58197,58604,55435,56174,1.606
23.02.2022,56176,58108,55675,57627,0.9882
24.02.2022,57627,58840,57420,58280,1.1149
25.02.2022,58279,61127,57821,58532,0.7108000000000001
26.02.2022,58532,60620,58426,59623,0.8282999999999998
27.02.2022,59623,61209,59373,59951,1.5036
28.02.2022,59951,63704,59722,63152,1.6691999999999998
01.03.2022,63153,64849,61287,62337,1.8399
02.03.2022,62338,63605,62007,63359,1.4862
03.03.2022,63360,63779,60016,61960,1.9755
04.03.2022,61962,62521,59680,60824,0.7427
05.03.2022,60824,60969,52258,56215,1.6042999999999996
06.03.2022,56242,57554,54272,56161,1.866
07.03.2022,56161,57048,53380,56755,2.2547
08.03.2022,56745,57060,54297,54943,2.0802
09.03.2022,54954,55416,51448,51535,2.5184
10.03.2022,51529,52187,47502,50525,2.7094
11.03.2022,50527,51179,48734,50927,1.2007
12.03.2022,50927,51002,47958,48086,1.3075000000000003
13.03.2022,48094,54360,47058,53209,2.6865
14.03.2022,53209,55337,52623,55158,1.9969
15.03.2022,55158,56426,53857,54389,2.1017999999999994
16.03.2022,54402,55174,52360,52937,1.9883
17.03.2022,52939,57361,52795,56774,1.7721000000000002
18.03.2022,56779,58487,56687,57692,0.8307000000000001
19.03.2022,57688,57951,56065,56993,1.0261
20.03.2022,56993,58939,56235,56762,1.6864
21.03.2022,56764,57458,53229,54721,2.2675
22.03.2022,54721,57914,52952,56848,2.0705
23.03.2022,56849,58364,55279,55913,2.1008
24.03.2022,55913,58656,55288,57639,2.523
25.03.2022,57642,59481,56778,58964,1.0357
26.03.2022,58964,59216,56278,57893,1.1019
27.03.2022,57885,59534,53709,55264,2.8642
28.03.2022,55264,56891,54470,56859,2.783999999999999
29.03.2022,56859,57952,53527,54424,2.904
30.03.2022,54431,54752,45910,49260,3.0434999999999994
31.03.2022,49261,51518,48410,49145,2.7397
01.04.2022,49143,50664,46915,48197,1.3286
02.04.2022,48194,49729,43816,44053,1.8752
03.04.2022,44053,46591,42084,44766,3.1698
04.04.2022,44765,45798,42406,43239,3.3801
05.04.2022,43239,43537,29814,38296,3.1124
06.04.2022,38296,42478,34972,40026,3.3086
07.04.2022,40026,42217,35155,35210,3.4157999999999995
08.04.2022,35186,38808,33502,38034,2.0816
09.04.2022,38032,38352,31111,33645,3.0130000000000003
10.04.2022,33629,39885,33625,38977,3.2203999999999997
11.04.2022,38977,39794,36459,37604,3.3227
12.04.2022,37604,40829,37447,38723,2.8091
13.04.2022,38723,40349,37158,38445,2.3164
14.04.2022,38445,39148,35100,35170,2.779
15.04.2022,35173,37252,33618,34220,0.9552000000000002
16.04.2022,34215,36453,33403,36031,2.8021000000000003
17.04.2022,36031,37436,34154,36650,2.8735000000000004
18.04.2022,36650,37866,35687,36274,2.7385
19.04.2022,36272,38190,35900,37702,1.7743000000000002
20.04.2022,37702,39439,37160,38655,2.2897000000000003
21.04.2022,38656,39230,35553,37009,2.1261000000000005
22.04.2022,37009,37872,35283,35803,1.6625999999999996
23.04.2022,35803,36415,34813,35928,2.1865
24.04.2022,35924,36750,34018,34402,2.0377
25.04.2022,34403,34588,31016,33580,2.8425
26.04.2022,33580,36916,32382,36363,2.484
27.04.2022,36363,38376,35789,36441,2.6631
28.04.2022,36441,37616,35947,37112,3.0429000000000004
29.04.2022,37111,37440,34632,35968,1.6905
30.04.2022,35968,39324,34755,39234,2.2914000000000003
01.05.2022,39234,40984,38682,39797,2.6709
02.05.2022,39797,41264,39536,39905,2.9193000000000007
03.05.2022,39905,40444,38299,38480,2.5276000000000005
04.05.2022,38480,39507,37357,37701,2.2346000000000004
05.05.2022,37701,38164,35119,35456,2.1973
06.05.2022,35458,36396,34833,36074,1.2874
07.05.2022,36074,36116,33328,35781,1.7887
08.05.2022,35772,35846,31706,32540,2.1832000000000003
09.05.2022,32536,33265,28796,32858,2.5009999999999994
10.05.2022,32858,34786,31690,33013,2.0766
11.05.2022,33013,35243,32302,34812,1.6671000000000002
12.05.2022,34809,35460,31463,32181,1.9479
13.05.2022,32173,32637,30125,31260,1.6882999999999997
14.05.2022,31260,33515,30911,32589,2.4225
15.05.2022,32588,35253,32427,34638,1.9917
16.05.2022,34619,36563,34096,36126,1.8673000000000004
17.05.2022,36122,36277,34019,34537,1.2608
18.05.2022,34525,35165,32706,33373,1.3854999999999995
19.05.2022,33372,33925,32677,33092,1.1895000000000002
20.05.2022,33093,34882,33054,34684,0.5549000000000001
21.05.2022,34680,35634,34235,35501,0.4812999999999999
22.05.2022,35482,35903,33113,33811,1.2414000000000005
23.05.2022,33810,35059,33512,33908,1.3433
24.05.2022,33908,35011,33614,34497,1.5751
25.05.2022,34497,34501,32070,32771,1.4727
26.05.2022,32769,33654,32237,33474,1.2383000000000002
27.05.2022,33480,34216,32999,33288,0.4485
28.05.2022,33288,34052,33237,33808,0.4204
29.05.2022,33789,34622,32626,32806,0.8378000000000001
30.05.2022,32802,33292,32164,32461,0.8390000000000003
31.05.2022,32461,33062,31561,32762,0.9419
01.06.2022,32761,33142,31107,31707,0.8642000000000001
02.06.2022,31707,32210,31002,31786,0.965
03.06.2022,31786,31893,31134,31690,0.5069
04.06.2022,31691,32386,31087,31598,0.3965000000000001
05.06.2022,31597,31881,30420,30725,0.7826
06.06.2022,30724,31016,29268,29812,0.8447
07.06.2022,29816,32769,29462,31784,1.142
08.06.2022,31763,32556,31655,32201,1.0589000000000002
09.06.2022,32198,32862,31970,32449,1.2110999999999996
10.06.2022,32446,34468,32422,33888,0.4901
11.06.2022,33892,34782,33789,34436,0.5548000000000001
12.06.2022,34410,40491,34405,37691,2.7461
13.06.2022,37695,38734,36365,37995,2.598299999999999
14.06.2022,37995,40851,37926,39942,2.2622
15.06.2022,39933,40595,39249,39667,1.8566
16.06.2022,39675,41531,38308,40635,1.8036
17.06.2022,40640,42317,40626,41492,0.7837000000000001
18.06.2022,41492,42550,40607,41219,1.1193000000000004
19.06.2022,41194,41277,38655,38807,1.3301
20.06.2022,38806,39738,37610,38026,1.3604999999999998
21.06.2022,38025,39814,37490,39710,1.2574
22.06.2022,39707,41333,37307,40832,1.4281
23.06.2022,40915,43310,39860,42623,1.2781
24.06.2022,42563,44526,42501,43921,0.6330000000000001
25.06.2022,43932,45296,43266,43810,2.2164999999999995
26.06.2022,43810,46441,42791,45397,1.8406
27.06.2022,45532,46663,44619,45569,1.2785
28.06.2022,45576,46721,45204,46266,1.2327
29.06.2022,46288,46348,43765,44420,1.3006999999999995
30.06.2022,44474,47822,43849,47471,1.2326
01.07.2022,47607,48113,46038,46621,1.0085
02.07.2022,46621,47330,45496,46671,1.4193999999999998
03.07.2022,46671,48007,45639,46014,1.6437000000000002
04.07.2022,46010,47120,44500,44929,1.2361999999999995
05.07.2022,44937,45977,44184,44475,1.2647
06.07.2022,44476,46861,43918,46527,1.1307
07.07.2022,46528,49053,46318,48624,1.2214
08.07.2022,48626,49751,48257,48972,0.5035000000000001
09.07.2022,48973,49435,48061,48373,1.5513
10.07.2022,48373,50457,48231,49473,2.227
11.07.2022,49474,49823,47726,48275,1.5674
12.07.2022,48276,49111,47097,48635,1.2516
13.07.2022,48662,49312,46290,46961,1.2838
14.07.2022,46980,49122,46323,48874,2.7928
15.07.2022,48874,49266,48352,48707,0.7847000000000001
16.07.2022,48707,49607,47772,48877,0.9915
17.07.2022,48877,49346,47351,48584,1.9667
18.07.2022,48627,48631,46659,46938,1.2687
19.07.2022,46914,49075,46500,48205,1.2988
20.07.2022,48217,50332,48214,49491,1.408
21.07.2022,49491,50977,48320,50102,1.6396
22.07.2022,50097,50502,49380,50143,0.7459
23.07.2022,50151,51664,49463,51614,0.918
24.07.2022,51617,52169,50976,51866,1.8149000000000004
25.07.2022,51925,52884,42953,46756,1.7828000000000004
26.07.2022,46810,47291,44413,45988,2.1163000000000003
27.07.2022,45990,47348,45500,46198,1.3755000000000002
28.07.2022,46204,46989,44712,45032,1.1778999999999995
29.07.2022,45030,45943,44123,45273,0.8370000000000001
30.07.2022,45269,46209,44715,45055,0.8991000000000002
31.07.2022,45046,46800,43395,45122,2.5131
01.08.2022,45123,46908,44631,46758,2.3189
02.08.2022,46751,48382,46344,47869,2.4144
03.08.2022,47888,48434,46973,47075,2.3751
04.08.2022,47116,48104,46707,46938,1.971
05.08.2022,46936,48752,46752,47949,0.9607
06.08.2022,47945,48328,47071,47546,0.9302
07.08.2022,47545,47615,42500,43475,2.3526
08.08.2022,43476,43864,40159,40868,2.5673
09.08.2022,40902,43953,39559,43382,2.6627000000000005
10.08.2022,43354,44875,42982,44636,2.7336000000000005
11.08.2022,44641,45089,40706,42935,2.8348
12.08.2022,42932,43168,41657,42624,1.0639
13.08.2022,42624,43680,40765,43590,1.1771
14.08.2022,43600,44301,42561,42632,2.1657
15.08.2022,42632,43345,41061,41720,2.9350000000000005
16.08.2022,41720,42534,40723,41065,1.8983
17.08.2022,41065,44049,40907,43373,1.8623
18.08.2022,43374,48123,43233,48074,2.1278
19.08.2022,48075,48409,47403,47956,1.656
20.08.2022,47956,49145,47080,48407,2.4152
21.08.2022,48403,49430,46872,48935,2.2254
22.08.2022,48967,51716,48523,51407,2.2383
23.08.2022,51437,55374,50363,54872,2.2081
24.08.2022,54870,55692,53354,54120,2.128
25.08.2022,54120,56032,53575,53935,2.216
26.08.2022,53932,55404,53640,54605,1.6602
27.08.2022,54604,56422,54101,55363,2.7588000000000004
28.08.2022,55330,57763,54347,57284,1.7260999999999995
29.08.2022,57276,57594,53917,55306,2.0585
30.08.2022,55305,57425,54217,56919,1.9860000000000004
31.08.2022,56957,58452,56792,57377,1.8288
01.09.2022,57412,62800,56821,62457,2.1459
02.09.2022,62457,62478,60100,60952,1.9065
03.09.2022,60947,61374,58939,59356,2.5217
04.09.2022,59348,62620,59246,61305,1.6735000000000002
05.09.2022,61306,64286,61073,64048,1.9904
06.09.2022,64048,66924,63474,65927,1.8281
07.09.2022,65881,66586,62034,62603,2.4925999999999995
08.09.2022,62671,63672,59960,60661,2.1762
09.09.2022,60662,61662,59641,61061,1.7792999999999997
10.09.2022,61062,61428,59473,61096,2.1995
11.09.2022,61089,63644,60593,62491,1.1092
12.09.2022,62522,63223,61763,62030,1.7373999999999998
13.09.2022,62031,62031,58049,58865,2.0624
14.09.2022,58883,62399,57837,61331,2.1659
15.09.2022,61290,62902,60139,62341,2.1586000000000003
16.09.2022,62331,62445,60715,61629,1.4081
17.09.2022,61631,62352,59966,60909,2.4580999999999995
18.09.2022,60894,62423,59500,60630,1.5611
19.09.2022,60569,64231,60390,63062,1.9604
20.09.2022,63063,63493,60224,62669,1.8398
21.09.2022,62708,63179,60669,61282,1.5528000000000002
22.09.2022,61315,62562,60721,60917,1.5216
23.09.2022,60915,61525,60049,61137,1.2382
24.09.2022,61137,63045,61137,62799,1.6816999999999998
25.09.2022,62897,66501,62739,66063,1.1881000000000002
26.09.2022,66113,68480,66054,67688,1.5627000000000002
27.09.2022,67648,68933,62886,64204,1.7318000000000002
28.09.2022,63981,65534,63859,64989,1.4767
29.09.2022,64993,65407,62248,64046,1.6167
30.09.2022,64041,64896,63338,64293,1.3842
01.10.2022,64297,65254,63561,64255,1.7837
02.10.2022,64255,66297,63364,63820,1.1731
03.10.2022,63805,63970,58612,60399,1.9813
04.10.2022,60438,61105,58379,60040,2.1590000000000003
05.10.2022,60020,60911,56595,57528,2.3465000000000003
06.10.2022,57540,58342,55588,57804,1.968
07.10.2022,57802,59626,57370,59583,1.0677
08.10.2022,59585,59991,58492,59454,2.1301000000000005
09.10.2022,59469,59473,55600,56191,1.658
10.10.2022,56250,57819,55351,57643,2.1118
11.10.2022,57653,57693,55848,57262,1.6894
12.10.2022,57284,59382,56815,58782,1.4958
13.10.2022,58813,59293,53487,53963,1.9994
14.10.2022,53969,55245,53492,54538,1.6378999999999997
15.10.2022,54540,56350,53368,56251,2.0557000000000003
16.10.2022,56398,58866,56028,58222,1.2618
17.10.2022,58244,59177,55872,57058,1.9033
18.10.2022,57025,59046,56433,56954,2.048
19.10.2022,56968,57356,55793,56820,1.8858
20.10.2022,56815,57597,51718,53595,1.9826
21.10.2022,53594,53809,42387,48692,2.3497000000000003
22.10.2022,48692,49690,47781,49157,2.6749
23.10.2022,49177,50538,47183,50035,1.8971000000000005
24.10.2022,50131,51923,50065,50449,1.721
25.10.2022,50479,51186,48625,50550,1.5641000000000005
26.10.2022,50569,50791,47280,47938,1.8698
27.10.2022,47958,50047,47257,47891,2.0803000000000003
28.10.2022,47879,49223,46735,48747,1.4525999999999997
29.10.2022,48747,50729,48616,49898,1.7814
30.10.2022,49939,50357,45746,46756,1.9990000000000003
31.10.2022,46757,48613,46258,48234,1.8288
01.11.2022,48252,49440,46528,49118,1.8806
02.11.2022,49172,49392,47615,48052,1.4583
03.11.2022,48052,48104,45439,46812,1.5195999999999998
04.11.2022,46813,47298,45470,46916,0.9433
05.11.2022,46904,48245,46399,46681,1.0493
06.11.2022,46635,47499,45521,46941,1.6219
07.11.2022,46956,49279,46610,49040,1.3728000000000002
08.11.2022,49019,49520,48405,48994,1.3071
09.11.2022,49010,51333,48011,50778,1.2406999999999997
10.11.2022,50799,51792,50392,50844,1.2199
11.11.2022,50844,51089,50145,50931,0.5475
12.11.2022,50929,50983,49436,50762,0.9332
13.11.2022,50803,52013,50420,50920,1.2271999999999998
14.11.2022,50919,51181,47272,47511,1.6453000000000002
15.11.2022,47493,48090,46559,47173,1.4251
16.11.2022,47130,47848,45938,47235,1.1405999999999998
17.11.2022,47208,48512,46690,47429,1.0548
18.11.2022,46974,47876,46806,47267,0.1815
19.11.2022,47261,47919,46635,46967,0.8699
20.11.2022,46989,47519,45700,45942,1.2987
21.11.2022,45932,47482,45503,46173,1.3432999999999995
22.11.2022,46090,47001,43402,43548,1.7032
23.11.2022,43625,43722,42393,43067,1.7876
24.11.2022,43073,43181,40620,41819,2.0461
25.11.2022,41818,42159,40551,41735,1.1034999999999997
26.11.2022,41733,42725,41251,42259,1.2137
27.11.2022,42245,42434,39604,41664,1.4327
28.11.2022,41696,43054,41231,42620,1.3753000000000002
29.11.2022,42631,44253,42424,43728,1.5688
30.11.2022,43731,44382,42277,42766,1.63
01.12.2022,42762,43395,41732,43256,1.5375
02.12.2022,43256,43756,42536,43274,0.8581000000000001
03.12.2022,43274,43423,42560,42916,1.0581
04.12.2022,42926,43234,41565,41675,1.1709
05.12.2022,41652,42437,41247,42332,1.9039
06.12.2022,42339,42617,41107,41669,1.4985
07.12.2022,41674,43452,41270,41278,1.1407999999999998
08.12.2022,41170,41568,36133,36661,2.013100000000001
09.12.2022,36661,37149,33983,35395,1.4935
10.12.2022,35366,36103,34599,35322,0.4717
11.12.2022,35328,37491,32926,36780,1.4774
12.12.2022,36730,37551,35668,36515,1.6248
13.12.2022,36538,38858,36290,36291,2.0907999999999998
14.12.2022,36297,37140,35487,36144,1.7566
15.12.2022,36098,37944,35850,37765,1.7746000000000004
16.12.2022,37744,38678,37293,38330,0.9192
17.12.2022,38330,38365,37335,37717,1.9206
18.12.2022,37717,38687,36642,38382,1.2952
19.12.2022,38376,39215,38036,38755,1.6055000000000004
20.12.2022,38781,38847,36582,36876,1.2142000000000002
21.12.2022,37038,37238,36219,36907,1.2825
22.12.2022,36886,40847,36768,40587,1.5876
23.12.2022,40586,41905,40350,41635,0.7202000000000002
24.12.2022,41623,42143,41136,41635,0.3165
25.12.2022,41635,44456,41523,44040,1.4182
26.12.2022,44056,45431,42658,44169,1.5516
27.12.2022,44206,44780,43129,44461,1.4771
28.12.2022,44461,45791,43166,43697,1.3189999999999995
29.12.2022,43697,44156,42038,42546,1.3068000000000002
30.12.2022,42546,43063,41710,41845,0.3447999999999999
31.12.2022,41834,42759,41786,42269,0.3006999999999999
01.01.2023,42269,42893,41510,42189,0.9719
02.01.2023,42226,44529,42188,43964,1.0503000000000002
03.01.2023,43964,44714,43336,44032,0.9048
04.01.2023,44034,44137,40039,40641,1.1786
05.01.2023,40583,40992,39424,39951,0.9737
06.01.2023,39941,40436,39619,39990,0.3573
07.01.2023,39990,40198,38010,38220,0.2885
08.01.2023,38220,39437,36971,37014,1.1594
09.01.2023,36859,38331,36319,37846,1.3331
10.01.2023,37831,39280,37371,37479,0.8234000000000002
11.01.2023,37474,39640,34300,38359,2.5537999999999994
12.01.2023,38395,39718,37735,39011,1.1458000000000002
13.01.2023,39011,40235,38652,39416,0.88
14.01.2023,39415,39882,37000,37391,1.1197
15.01.2023,37391,41891,37328,41594,1.3178000000000003
16.01.2023,41627,44986,41586,43904,1.7192
17.01.2023,43904,45250,43306,44019,1.3598
18.01.2023,44087,44320,41794,42154,0.8873999999999999
19.01.2023,42154,42655,39036,39351,1.4062
20.01.2023,39352,39561,38556,39328,0.7847
21.01.2023,39322,39662,38089,39032,0.7381000000000002
22.01.2023,39032,39563,37119,37794,1.4659000000000002
23.01.2023,37759,39318,37758,38455,1.7467
24.01.2023,38465,42587,38449,41907,1.431
25.01.2023,41907,42089,38556,39275,1.2860999999999998
26.01.2023,39270,40205,38190,38801,1.6279999999999997
27.01.2023,38801,39402,38346,38636,1.7894
28.01.2023,38859,39254,38793,39108,0.2319
29.01.2023,38637,39280,37528,38760,1.3865999999999998
30.01.2023,38760,39861,38189,39393,1.0315
31.01.2023,39394,41643,38877,41202,1.5059000000000002
01.02.2023,41205,41431,40500,40665,0.9714999999999998
02.02.2023,40665,42347,40144,41708,1.0003000000000002
03.02.2023,41770,42402,41481,42161,0.9297
04.02.2023,42161,42396,40882,41245,1.2636
05.02.2023,41244,41505,40481,41080,0.9157999999999998
06.02.2023,41080,43270,40903,42588,1.2374000000000005
07.02.2023,42588,42904,41724,42391,0.896
08.02.2023,42391,44266,42244,43915,1.1681
09.02.2023,43915,45116,43560,44615,1.1886999999999996
10.02.2023,44615,44630,44049,44289,0.3606
11.02.2023,44307,46556,44307,46067,0.6198000000000001
12.02.2023,46072,48229,45806,47884,0.7525999999999999
13.02.2023,47883,48130,46887,47429,1.1323000000000003
14.02.2023,47402,47735,46541,47295,1.1381
15.02.2023,47295,47645,45478,45712,1.0647000000000002
16.02.2023,45703,46660,44196,46117,0.7854000000000001
17.02.2023,46263,47154,45601,46138,0.6289000000000001
18.02.2023,46138,46782,45516,46365,0.7631999999999998
19.02.2023,46365,47452,45109,46343,1.1312
20.02.2023,46276,47213,45496,45839,0.8515000000000001
21.02.2023,45839,46000,43222,43843,1.0460999999999998
22.02.2023,43805,43941,42719,43533,0.7673
23.02.2023,43533,43997,42403,42781,0.8587
24.02.2023,42608,42727,42052,42398,0.5795000000000001
25.02.2023,42398,43453,42380,43080,0.5028
26.02.2023,43051,43249,39526,39801,0.8208
27.02.2023,39810,40659,39244,39534,0.8334999999999998
28.02.2023,39534,41544,39461,41203,0.6538999999999999
01.03.2023,41202,41451,39535,39863,0.7681999999999999
02.03.2023,39831,40795,39725,40353,0.5994999999999999
03.03.2023,40341,40635,39971,40247,0.8927000000000004
04.03.2023,40223,40642,39848,40227,0.5625999999999999
05.03.2023,40207,40940,38515,40627,0.6975
06.03.2023,40616,41698,40540,41249,0.6776999999999999
07.03.2023,41236,42153,40872,41381,0.7662
08.03.2023,41370,42990,40508,40559,0.5423
09.03.2023,40522,40877,39147,39564,0.8012999999999998
10.03.2023,39560,39930,39231,39750,1.0946999999999998
11.03.2023,39750,39905,38994,39463,0.7129000000000003
12.03.2023,39456,40335,38177,40136,0.9882
13.03.2023,40109,40742,37696,38082,0.9189999999999998
14.03.2023,38031,39418,37694,39063,0.9955999999999998
15.03.2023,39042,40407,38848,39851,0.9304
16.03.2023,39787,39925,38141,38514,0.8112
17.03.2023,38514,38796,38196,38376,0.7015000000000002
18.03.2023,38376,38618,37380,38276,0.8339000000000002
19.03.2023,38250,39121,38081,38274,1.0625
20.03.2023,38249,38847,37488,37727,0.6193
21.03.2023,37725,39969,37564,39767,1.0456
22.03.2023,39737,39817,35549,36418,1.1818
23.03.2023,36360,36622,35248,36026,1.4957
24.03.2023,36013,36061,35640,35704,1.1817
25.03.2023,35702,35764,33711,34188,1.6072000000000002
26.03.2023,34158,34431,30316,30948,1.5923
27.03.2023,30919,32607,29777,30956,1.9897
28.03.2023,30882,32111,28211,28424,3.3438000000000003
29.03.2023,28279,30113,25340,28495,2.5881
30.03.2023,28495,30927,27886,29739,1.4391
31.03.2023,29689,30029,28512,29278,1.9443
01.04.2023,29278,31111,29273,30990,1.3860000000000003
02.04.2023,30990,31380,29040,29858,1.6035
03.04.2023,29829,30741,29380,30034,1.5501000000000005
04.04.2023,29995,30626,28661,29159,1.6794999999999995
05.04.2023,29138,30454,28562,30184,1.848
06.04.2023,30153,30679,28652,29074,1.8704
07.04.2023,29033,29549,28850,29321,1.1505
21.05.2022 23:00:00.000 GMT+0200,29321,30297,29177,29862,1.4393999999999998
22.05.2022 23:00:00.000 GMT+0200,29841,30665,28952,29251,1.7966
23.05.2022 23:00:00.000 GMT+0200,29251,29642,28587,29368,0.9538
24.05.2022 23:00:00.000 GMT+0200,29417,30121,29257,29697,0.8664000000000001
25.05.2022 23:00:00.000 GMT+0200,29705,29786,27947,29369,1.2518999999999998
26.05.2022 23:00:00.000 GMT+0200,29391,29589,28192,28674,1.4948
27.05.2022 23:00:00.000 GMT+0200,28659,29175,28435,28936,1.3039
28.05.2022 23:00:00.000 GMT+0200,28936,29397,28753,29099,1.4451999999999998
29.05.2022 23:00:00.000 GMT+0200,29099,31330,29081,31298,0.9153
30.05.2022 23:00:00.000 GMT+0200,31219,32418,31151,31716,0.8179
31.05.2022 23:00:00.000 GMT+0200,31719,31907,29254,29551,1.0392
01.06.2022 23:00:00.000 GMT+0200,29582,30419,29436,30162,0.8021
02.06.2022 23:00:00.000 GMT+0200,30175,30609,29265,29572,0.9677999999999998
03.06.2022 23:00:00.000 GMT+0200,29571,29995,29454,29681,1.026
04.06.2022 23:00:00.000 GMT+0200,29683,30111,29454,29862,1.7508999999999997
05.06.2022 23:00:00.000 GMT+0200,29862,31673,29735,31373,1.2438
06.06.2022 23:00:00.000 GMT+0200,31361,31514,29152,31289,1.4168999999999998
07.06.2022 23:00:00.000 GMT+0200,31409,31457,29796,30140,2.3766000000000003
08.06.2022 23:00:00.000 GMT+0200,30133,30639,29884,30118,2.1069
09.06.2022 23:00:00.000 GMT+0200,30108,30290,28791,29142,2.1843000000000004
10.06.2022 23:00:00.000 GMT+0200,29100,29346,28053,28336,1.8111
11.06.2022 23:00:00.000 GMT+0200,28337,28621,26833,27302,2.2734
12.06.2022 23:00:00.000 GMT+0200,27275,27435,22555,23167,2.817
13.06.2022 23:00:00.000 GMT+0200,23159,23285,20781,21926,2.8236
14.06.2022 23:00:00.000 GMT+0200,21974,22257,20037,21600,2.6501
15.06.2022 23:00:00.000 GMT+0200,21629,22914,20440,20635,2.5641
16.06.2022 23:00:00.000 GMT+0200,20597,21287,20164,20595,2.6489000000000003
17.06.2022 23:00:00.000 GMT+0200,20567,20685,17520,17714,2.8807
18.06.2022 23:00:00.000 GMT+0200,17716,20641,17674,20573,2.7237000000000005
19.06.2022 23:00:00.000 GMT+0200,20555,20996,19582,20392,2.6607
20.06.2022 23:00:00.000 GMT+0200,20364,21655,20203,20800,2.5296
21.06.2022 23:00:00.000 GMT+0200,20779,20990,19718,19818,2.4648
22.06.2022 23:00:00.000 GMT+0200,19812,21054,19774,20758,2.3227
23.06.2022 23:00:00.000 GMT+0200,20756,21391,20610,21113,2.3735000000000004
24.06.2022 23:00:00.000 GMT+0200,21121,21545,20864,21176,2.0013
25.06.2022 23:00:00.000 GMT+0200,21176,21823,21083,21338,1.9049
26.06.2022 23:00:00.000 GMT+0200,21327,21469,20472,20861,2.0219
27.06.2022 23:00:00.000 GMT+0200,20861,21156,20146,20216,2.1845
28.06.2022 23:00:00.000 GMT+0200,20189,20395,19805,20165,2.2001
29.06.2022 23:00:00.000 GMT+0200,20131,20281,18591,18698,2.1764
30.06.2022 23:00:00.000 GMT+0200,18683,20830,18639,19371,2.466600000000001
01.07.2022 23:00:00.000 GMT+0200,19337,19425,18897,19175,1.4649999999999996
02.07.2022 23:00:00.000 GMT+0200,19175,19588,18738,19387,1.7514999999999996
03.07.2022 23:00:00.000 GMT+0200,19353,20045,19000,19726,1.9453
04.07.2022 23:00:00.000 GMT+0200,19701,20687,19251,20405,2.241
05.07.2022 23:00:00.000 GMT+0200,20396,20424,19715,20346,2.3301
06.07.2022 23:00:00.000 GMT+0200,20333,21792,20215,21573,2.1415
07.07.2022 23:00:00.000 GMT+0200,21557,22424,21146,21791,2.387900000000001
08.07.2022 23:00:00.000 GMT+0200,21781,21944,21279,21637,1.9606
09.07.2022 23:00:00.000 GMT+0200,21636,21702,20619,20936,2.2375
10.07.2022 23:00:00.000 GMT+0200,20913,21103,20223,20374,3.0021000000000004
11.07.2022 23:00:00.000 GMT+0200,20369,20369,19234,19404,2.4911000000000003
12.07.2022 23:00:00.000 GMT+0200,19386,20045,18877,19622,2.496
13.07.2022 23:00:00.000 GMT+0200,19616,20844,19587,20633,3.3241
14.07.2022 23:00:00.000 GMT+0200,20621,21145,20337,20886,2.3841
15.07.2022 23:00:00.000 GMT+0200,20864,21537,20412,21165,1.914
16.07.2022 23:00:00.000 GMT+0200,21166,21612,20790,20891,2.1413000000000006
17.07.2022 23:00:00.000 GMT+0200,20867,22735,20716,21450,1.9624
18.07.2022 23:00:00.000 GMT+0200,21446,23653,21411,23263,1.8294
19.07.2022 23:00:00.000 GMT+0200,23290,24240,22891,23216,1.7235000000000005
20.07.2022 23:00:00.000 GMT+0200,23243,23754,22310,23083,1.5467999999999995
21.07.2022 23:00:00.000 GMT+0200,23085,23719,22475,22563,1.6735
22.07.2022 23:00:00.000 GMT+0200,22541,22940,21912,22285,1.92
23.07.2022 23:00:00.000 GMT+0200,22285,22864,22182,22683,2.1578000000000004
24.07.2022 23:00:00.000 GMT+0200,22661,22970,21527,22131,1.6638999999999995
25.07.2022 23:00:00.000 GMT+0200,22118,22128,20691,20943,1.4576
26.07.2022 23:00:00.000 GMT+0200,20940,23062,20794,22743,1.4175999999999995
27.07.2022 23:00:00.000 GMT+0200,22752,24156,22556,23991,1.7352999999999998
28.07.2022 23:00:00.000 GMT+0200,24018,24398,23413,23914,1.7669
29.07.2022 23:00:00.000 GMT+0200,23888,24598,23591,23908,1.5168
30.07.2022 23:00:00.000 GMT+0200,23907,24150,23372,23762,1.8997
31.07.2022 23:00:00.000 GMT+0200,23742,23769,22828,23093,1.4737000000000002
01.08.2022 23:00:00.000 GMT+0200,23074,23409,22632,22985,1.8732
02.08.2022 23:00:00.000 GMT+0200,22991,23597,22662,23285,1.7295999999999998
03.08.2022 23:00:00.000 GMT+0200,23293,23330,22373,22472,1.8251
04.08.2022 23:00:00.000 GMT+0200,22485,23425,22423,22927,1.7825
05.08.2022 23:00:00.000 GMT+0200,22922,23292,22921,23113,1.9617
06.08.2022 23:00:00.000 GMT+0200,23113,23249,22813,23223,1.5882999999999998
07.08.2022 23:00:00.000 GMT+0200,23204,24204,23028,24033,1.2311
08.08.2022 23:00:00.000 GMT+0200,24020,24020,22850,23103,1.4778
09.08.2022 23:00:00.000 GMT+0200,23103,24143,22643,23863,1.5652000000000004
10.08.2022 23:00:00.000 GMT+0200,23834,24866,23746,24172,2.3573
11.08.2022 23:00:00.000 GMT+0200,24173,24292,23572,24205,2.3097000000000003
12.08.2022 23:00:00.000 GMT+0200,24174,24834,24021,24448,1.9912
13.08.2022 23:00:00.000 GMT+0200,24449,24991,24115,24278,1.7862999999999998
14.08.2022 23:00:00.000 GMT+0200,24256,25166,23858,24033,1.3605
15.08.2022 23:00:00.000 GMT+0200,24034,24206,23636,23943,1.5399999999999998
16.08.2022 23:00:00.000 GMT+0200,23940,24397,23153,23364,1.4250999999999998
17.08.2022 23:00:00.000 GMT+0200,23359,23554,23205,23374,1.1308
18.08.2022 23:00:00.000 GMT+0200,23379,23386,21120,21238,1.7385000000000002
19.08.2022 23:00:00.000 GMT+0200,21206,21310,20723,20754,2.2501
20.08.2022 23:00:00.000 GMT+0200,20753,21741,20729,21433,1.7092999999999996
21.08.2022 23:00:00.000 GMT+0200,21406,21642,20867,21090,1.0513
22.08.2022 23:00:00.000 GMT+0200,21090,21638,20865,21446,0.8718
23.08.2022 23:00:00.000 GMT+0200,21446,21855,21118,21654,0.9561
24.08.2022 23:00:00.000 GMT+0200,21657,21774,21276,21611,0.9903
25.08.2022 23:00:00.000 GMT+0200,21611,21830,20509,20619,0.9464
26.08.2022 23:00:00.000 GMT+0200,20583,20656,19786,19972,1.3689999999999998
27.08.2022 23:00:00.000 GMT+0200,19972,20123,19777,19953,0.1745
28.08.2022 23:00:00.000 GMT+0200,19928,20379,19488,20143,0.5911
29.08.2022 23:00:00.000 GMT+0200,20143,20534,19516,19936,0.7077
30.08.2022 23:00:00.000 GMT+0200,19937,20442,19726,20160,0.8596
31.08.2022 23:00:00.000 GMT+0200,20160,20250,19540,20040,0.6777
01.09.2022 23:00:00.000 GMT+0200,20040,20399,19723,19934,1.34
02.09.2022 23:00:00.000 GMT+0200,19934,19990,19616,19702,0.2794
03.09.2022 23:00:00.000 GMT+0200,19680,19899,19551,19861,0.7379
04.09.2022 23:00:00.000 GMT+0200,19836,20015,19608,19708,0.5018
05.09.2022 23:00:00.000 GMT+0200,19708,20140,18639,18937,0.6663
06.09.2022 23:00:00.000 GMT+0200,18945,19410,18515,19348,0.8617
07.09.2022 23:00:00.000 GMT+0200,19373,19422,18991,19343,0.3656999999999999
08.09.2022 23:00:00.000 GMT+0200,19343,21387,19220,21243,0.9054
09.09.2022 23:00:00.000 GMT+0200,21237,21614,21092,21390,1.3054
10.09.2022 23:00:00.000 GMT+0200,21369,21801,21320,21599,0.9216
11.09.2022 23:00:00.000 GMT+0200,21575,22439,21433,22368,1.2449
12.09.2022 23:00:00.000 GMT+0200,22360,22738,20021,20199,1.6995999999999996
13.09.2022 23:00:00.000 GMT+0200,20210,20485,19591,19905,0.7049000000000001
14.09.2022 23:00:00.000 GMT+0200,19906,20350,19493,19815,1.3744999999999998
15.09.2022 23:00:00.000 GMT+0200,19815,19855,19301,19697,0.6063999999999999
16.09.2022 23:00:00.000 GMT+0200,19697,20143,19633,20039,0.5097999999999999
17.09.2022 23:00:00.000 GMT+0200,20015,20103,19534,19683,1.2496999999999994
18.09.2022 23:00:00.000 GMT+0200,19677,19677,18233,19485,1.1855000000000002
19.09.2022 23:00:00.000 GMT+0200,19490,19641,18711,18936,0.7317000000000001
20.09.2022 23:00:00.000 GMT+0200,18936,19845,18694,18891,0.8975000000000001
21.09.2022 23:00:00.000 GMT+0200,18891,19449,18140,19212,1.1558999999999997
22.09.2022 23:00:00.000 GMT+0200,19212,19465,18501,18811,0.8004000000000001
23.09.2022 23:00:00.000 GMT+0200,18811,19335,18743,19086,0.0584
24.09.2022 23:00:00.000 GMT+0200,19086,19130,18777,18851,0.1035
25.09.2022 23:00:00.000 GMT+0200,18851,19274,18604,19075,1.2863999999999995
26.09.2022 23:00:00.000 GMT+0200,19079,20337,18797,19034,0.9276
27.09.2022 23:00:00.000 GMT+0200,19026,19614,18453,19531,1.5699999999999998
28.09.2022 23:00:00.000 GMT+0200,19541,19730,18811,19465,1.9634000000000005
29.09.2022 23:00:00.000 GMT+0200,19471,20142,19139,19387,1.1136
30.09.2022 23:00:00.000 GMT+0200,19387,19422,19129,19215,0.0542999999999999
01.10.2022 23:00:00.000 GMT+0200,19215,19355,19005,19202,0.0658
02.10.2022 23:00:00.000 GMT+0200,19202,19612,18893,19562,0.3069
03.10.2022 23:00:00.000 GMT+0200,19562,20424,19466,20300,1.171
04.10.2022 23:00:00.000 GMT+0200,20314,20368,19713,19947,1.358
05.10.2022 23:00:00.000 GMT+0200,19947,20408,19844,20015,0.3205
06.10.2022 23:00:00.000 GMT+0200,20015,20018,19297,19511,0.4339
07.10.2022 23:00:00.000 GMT+0200,19511,19584,19362,19418,0.3305
08.10.2022 23:00:00.000 GMT+0200,19418,19517,19216,19446,0.0505999999999999
09.10.2022 23:00:00.000 GMT+0200,19446,19487,19077,19205,0.1273
10.10.2022 23:00:00.000 GMT+0200,19210,19240,18828,18985,0.1564
11.10.2022 23:00:00.000 GMT+0200,18985,19157,18942,19128,0.6731
12.10.2022 23:00:00.000 GMT+0200,19127,19464,18153,19348,0.8625
13.10.2022 23:00:00.000 GMT+0200,19350,19905,19082,19145,0.9242
14.10.2022 23:00:00.000 GMT+0200,19114,19164,19001,19057,0.9889000000000002
15.10.2022 23:00:00.000 GMT+0200,19057,19383,18958,19292,1.3884
16.10.2022 23:00:00.000 GMT+0200,19268,19635,19067,19497,0.2034
17.10.2022 23:00:00.000 GMT+0200,19497,19661,19067,19333,0.1359
18.10.2022 23:00:00.000 GMT+0200,19333,19338,19041,19161,0.0834
19.10.2022 23:00:00.000 GMT+0200,19161,19304,18896,18993,0.132
20.10.2022 23:00:00.000 GMT+0200,18993,19209,18635,19140,0.5185
21.10.2022 23:00:00.000 GMT+0200,19140,19215,19052,19182,0.0133
22.10.2022 23:00:00.000 GMT+0200,19183,19485,19043,19462,0.0342
23.10.2022 23:00:00.000 GMT+0200,19465,19652,19134,19341,0.283
24.10.2022 23:00:00.000 GMT+0200,19344,20375,19208,20148,1.1271
25.10.2022 23:00:00.000 GMT+0200,20161,20979,19955,20716,1.1824000000000003
26.10.2022 23:00:00.000 GMT+0200,20716,20868,20214,20363,0.349
27.10.2022 23:00:00.000 GMT+0200,20363,20711,19985,20606,1.0491
28.10.2022 23:00:00.000 GMT+0200,20569,21034,20497,20821,1.3122000000000005
29.10.2022 23:00:00.000 GMT+0200,20820,20890,20521,20650,1.7008
30.10.2022 22:00:00.000 GMT+0100,20624,20797,20208,20370,1.1849000000000005
31.10.2022 22:00:00.000 GMT+0100,20370,20646,20298,20445,0.1740999999999999
01.11.2022 22:00:00.000 GMT+0100,20445,20763,20067,20136,0.5219
02.11.2022 22:00:00.000 GMT+0100,20136,20350,20008,20199,1.2415
03.11.2022 22:00:00.000 GMT+0100,20199,21254,20127,21101,0.9723
04.11.2022 22:00:00.000 GMT+0100,21101,21414,21013,21327,0.1311999999999999
05.11.2022 22:00:00.000 GMT+0100,21327,21333,21082,21100,0.2311
06.11.2022 23:00:00.000 GMT+0100,21100,21123,20553,20647,0.7108000000000002
07.11.2022 23:00:00.000 GMT+0100,20647,20647,17151,18665,1.0618
08.11.2022 23:00:00.000 GMT+0100,18665,18691,15645,15734,2.4974000000000003
09.11.2022 23:00:00.000 GMT+0100,15715,18132,15542,17778,2.4553000000000003
10.11.2022 23:00:00.000 GMT+0100,17764,17821,16323,16696,2.9001
11.11.2022 23:00:00.000 GMT+0100,16696,17029,16534,16768,0.3643
12.11.2022 23:00:00.000 GMT+0100,16768,16895,16206,16336,0.1228
13.11.2022 23:00:00.000 GMT+0100,16336,17156,15830,16360,0.5424
14.11.2022 23:00:00.000 GMT+0100,16360,17070,16299,16855,1.0765000000000005
15.11.2022 23:00:00.000 GMT+0100,16855,16960,16331,16497,1.8075
16.11.2022 23:00:00.000 GMT+0100,16500,16711,16369,16645,1.0415000000000003
17.11.2022 23:00:00.000 GMT+0100,16648,16941,16501,16569,1.2619
18.11.2022 23:00:00.000 GMT+0100,16569,16642,16471,16623,0.6429
19.11.2022 23:00:00.000 GMT+0100,16623,16762,16165,16221,1.2070999999999998
20.11.2022 23:00:00.000 GMT+0100,16195,16267,15440,15598,2.5835000000000004
21.11.2022 23:00:00.000 GMT+0100,15589,16248,15563,16098,2.0101
22.11.2022 23:00:00.000 GMT+0100,16098,16641,16044,16439,0.1766
23.11.2022 23:00:00.000 GMT+0100,16439,16755,16409,16508,0.7597999999999999
24.11.2022 23:00:00.000 GMT+0100,16508,16586,16310,16469,0.1334
25.11.2022 23:00:00.000 GMT+0100,16469,16630,16385,16474,0.0220999999999999
26.11.2022 23:00:00.000 GMT+0100,16474,16553,16357,16540,0.0226999999999999
27.11.2022 23:00:00.000 GMT+0100,16540,16552,15968,16167,0.0932
28.11.2022 23:00:00.000 GMT+0100,16169,16502,16063,16426,0.0667
29.11.2022 23:00:00.000 GMT+0100,16426,17115,16389,17067,0.0900999999999999
30.11.2022 23:00:00.000 GMT+0100,17067,17261,16834,16900,0.4353999999999999
01.12.2022 23:00:00.000 GMT+0100,16900,17066,16764,16949,0.2857
02.12.2022 23:00:00.000 GMT+0100,16949,17095,16858,16917,0.5035999999999999
03.12.2022 23:00:00.000 GMT+0100,16917,17116,16835,17077,0.0243
04.12.2022 23:00:00.000 GMT+0100,17077,17384,16841,16935,0.4161
05.12.2022 23:00:00.000 GMT+0100,16934,17062,16876,16955,0.8112000000000001
06.12.2022 23:00:00.000 GMT+0100,16955,17099,16654,16790,0.7919999999999999
07.12.2022 23:00:00.000 GMT+0100,16790,17258,16706,17146,0.8562999999999998
08.12.2022 23:00:00.000 GMT+0100,17143,17309,17039,17077,0.4076999999999999
09.12.2022 23:00:00.000 GMT+0100,17077,17187,17045,17099,0.0079
10.12.2022 23:00:00.000 GMT+0100,17099,17230,17059,17079,0.0132
11.12.2022 23:00:00.000 GMT+0100,17079,17177,16844,17137,0.2368
12.12.2022 23:00:00.000 GMT+0100,17147,17929,17052,17724,1.1477
13.12.2022 23:00:00.000 GMT+0100,17720,18340,17631,17789,1.1681
14.12.2022 23:00:00.000 GMT+0100,17791,17837,17286,17358,0.9487
15.12.2022 23:00:00.000 GMT+0100,17352,17489,16715,16770,1.0055999999999998
16.12.2022 23:00:00.000 GMT+0100,16770,16810,16467,16676,0.7701
17.12.2022 23:00:00.000 GMT+0100,16651,16762,16624,16712,0.9099000000000004
18.12.2022 23:00:00.000 GMT+0100,16686,16805,16487,16547,0.7286999999999999
19.12.2022 23:00:00.000 GMT+0100,16546,17012,16240,16845,0.8141000000000002
20.12.2022 23:00:00.000 GMT+0100,16840,16885,16699,16754,0.6980000000000002
21.12.2022 23:00:00.000 GMT+0100,16757,16827,16529,16757,0.7574
22.12.2022 23:00:00.000 GMT+0100,16756,16895,16724,16743,0.9357
23.12.2022 23:00:00.000 GMT+0100,16743,16798,16695,16761,0.1710999999999999
24.12.2022 23:00:00.000 GMT+0100,16761,16789,16661,16764,0.1656
25.12.2022 23:00:00.000 GMT+0100,16765,16870,16742,16797,0.5309999999999998
26.12.2022 23:00:00.000 GMT+0100,16797,16929,16558,16656,0.3001999999999999
27.12.2022 23:00:00.000 GMT+0100,16656,16739,16431,16486,0.6309000000000001
28.12.2022 23:00:00.000 GMT+0100,16486,16622,16439,16558,0.293
29.12.2022 23:00:00.000 GMT+0100,16553,16613,16302,16512,0.9383
30.12.2022 23:00:00.000 GMT+0100,16513,16569,16464,16530,0.0366
31.12.2022 23:00:00.000 GMT+0100,16474,16567,16461,16565,0.0754
01.01.2023 23:00:00.000 GMT+0100,16537,16755,16511,16718,0.5467999999999998
02.01.2023 23:00:00.000 GMT+0100,16718,16733,16571,16629,0.0219
03.01.2023 23:00:00.000 GMT+0100,16629,16952,16611,16786,0.2375
04.01.2023 23:00:00.000 GMT+0100,16786,16840,16725,16812,0.0263
05.01.2023 23:00:00.000 GMT+0100,16812,16993,16649,16892,0.1605
06.01.2023 23:00:00.000 GMT+0100,16892,16915,16853,16901,0.0627
07.01.2023 23:00:00.000 GMT+0100,16901,16979,16855,16919,0.1601
08.01.2023 23:00:00.000 GMT+0100,16919,17358,16887,17141,0.3307
09.01.2023 23:00:00.000 GMT+0100,17141,17452,17097,17428,0.3833
10.01.2023 23:00:00.000 GMT+0100,17422,17540,17280,17519,0.501
11.01.2023 23:00:00.000 GMT+0100,17523,19066,17480,18796,0.4371000000000001
12.01.2023 23:00:00.000 GMT+0100,18806,19855,18687,19779,0.1252
13.01.2023 23:00:00.000 GMT+0100,19779,21258,19681,20866,0.3553
14.01.2023 23:00:00.000 GMT+0100,20866,21033,20530,20865,0.2259
15.01.2023 23:00:00.000 GMT+0100,20865,21405,20596,21098,1.3293
16.01.2023 23:00:00.000 GMT+0100,21098,21541,20837,21277,0.9655
17.01.2023 23:00:00.000 GMT+0100,21278,21598,20374,20742,0.5273
18.01.2023 23:00:00.000 GMT+0100,20742,21150,20607,20899,1.3543000000000005
19.01.2023 23:00:00.000 GMT+0100,20901,22399,20838,22256,1.6657
20.01.2023 23:00:00.000 GMT+0100,22256,23309,22256,23165,1.816
21.01.2023 23:00:00.000 GMT+0100,23142,23166,22275,22553,1.8149
22.01.2023 23:00:00.000 GMT+0100,22526,23129,22481,22959,1.4378999999999995
23.01.2023 23:00:00.000 GMT+0100,22954,23122,22698,22864,1.5686
24.01.2023 23:00:00.000 GMT+0100,22856,23662,22299,23558,1.7413999999999998
25.01.2023 23:00:00.000 GMT+0100,23558,23779,22798,23042,1.5108000000000004
26.01.2023 23:00:00.000 GMT+0100,23044,23463,22508,23056,0.173
27.01.2023 23:00:00.000 GMT+0100,23056,23134,22854,22970,0.0355999999999999
28.01.2023 23:00:00.000 GMT+0100,22970,23920,22933,23761,0.2138
29.01.2023 23:00:00.000 GMT+0100,23761,23840,22534,22710,0.1666
30.01.2023 23:00:00.000 GMT+0100,22710,23178,22480,22913,0.1838
31.01.2023 23:00:00.000 GMT+0100,22912,23761,22745,23650,0.1999999999999999
01.02.2023 23:00:00.000 GMT+0100,23651,24217,23383,23422,0.7798999999999999
02.02.2023 23:00:00.000 GMT+0100,23382,23678,23186,23351,0.2568
03.02.2023 23:00:00.000 GMT+0100,23351,23544,23198,23381,0.0629
04.02.2023 23:00:00.000 GMT+0100,23381,23410,22730,22863,0.2194999999999999
05.02.2023 23:00:00.000 GMT+0100,22863,23113,22611,22880,0.2468
06.02.2023 23:00:00.000 GMT+0100,22880,23307,22607,23161,0.2409
07.02.2023 23:00:00.000 GMT+0100,23174,23403,22646,22922,0.2108999999999999
08.02.2023 23:00:00.000 GMT+0100,22922,22971,21666,21820,1.5756
09.02.2023 23:00:00.000 GMT+0100,21820,21916,21440,21473,1.1201
10.02.2023 23:00:00.000 GMT+0100,21473,21779,21459,21764,0.1828999999999999
11.02.2023 23:00:00.000 GMT+0100,21763,22049,21675,21702,1.3874
12.02.2023 23:00:00.000 GMT+0100,21676,21860,21342,21596,1.0702
13.02.2023 23:00:00.000 GMT+0100,21596,22285,21526,22213,0.3026
14.02.2023 23:00:00.000 GMT+0100,22215,24271,22016,24143,0.6128
15.02.2023 23:00:00.000 GMT+0100,24156,25214,24083,24498,0.7069000000000002
16.02.2023 23:00:00.000 GMT+0100,24498,24981,23314,24422,0.6486999999999998
17.02.2023 23:00:00.000 GMT+0100,24422,24837,24004,24581,0.414
18.02.2023 23:00:00.000 GMT+0100,24581,25152,24238,24506,1.7036
19.02.2023 23:00:00.000 GMT+0100,24482,25076,23813,24730,2.4335
20.02.2023 23:00:00.000 GMT+0100,24730,25208,24126,24160,2.0337
21.02.2023 23:00:00.000 GMT+0100,24166,24437,23553,23770,1.3332000000000002
22.02.2023 23:00:00.000 GMT+0100,23770,24561,23583,23839,0.5197
23.02.2023 23:00:00.000 GMT+0100,23841,24094,22831,23034,0.2148999999999999
24.02.2023 23:00:00.000 GMT+0100,23034,23158,22746,22906,0.0791
25.02.2023 23:00:00.000 GMT+0100,22906,23645,22869,23523,0.0962
26.02.2023 23:00:00.000 GMT+0100,23523,23852,23086,23349,0.3525999999999999
27.02.2023 23:00:00.000 GMT+0100,23349,23562,23003,23111,0.1426
28.02.2023 23:00:00.000 GMT+0100,23111,23953,22995,23523,0.0911999999999999
01.03.2023 23:00:00.000 GMT+0100,23523,23761,23169,23383,0.0703
02.03.2023 23:00:00.000 GMT+0100,23383,23520,21962,22178,1.0505
03.03.2023 23:00:00.000 GMT+0100,22178,22359,22130,22177,0.1047999999999999
04.03.2023 23:00:00.000 GMT+0100,22177,22616,22154,22450,0.1983999999999999
05.03.2023 23:00:00.000 GMT+0100,22450,22555,22240,22371,0.2988
06.03.2023 23:00:00.000 GMT+0100,22373,22514,21912,22024,0.3472
07.03.2023 23:00:00.000 GMT+0100,22024,22246,21834,21973,0.1147
08.03.2023 23:00:00.000 GMT+0100,21973,21977,20028,20192,0.4308
09.03.2023 23:00:00.000 GMT+0100,20208,20454,19541,20038,0.1906
10.03.2023 23:00:00.000 GMT+0100,20042,21517,19829,21450,0.8969000000000003
11.03.2023 23:00:00.000 GMT+0100,20402,20591,20363,20395,0.2182999999999999
12.03.2023 22:00:00.000 GMT+0100,21450,24557,21191,24173,1.0901000000000003
13.03.2023 22:00:00.000 GMT+0100,24173,26485,23995,24585,1.4274
14.03.2023 22:00:00.000 GMT+0100,24587,25233,23891,24338,0.6855000000000001
15.03.2023 22:00:00.000 GMT+0100,24337,25170,24171,24702,0.7081000000000001
16.03.2023 22:00:00.000 GMT+0100,24704,26981,24670,26785,0.8791999999999999
17.03.2023 22:00:00.000 GMT+0100,26785,27769,26596,27328,0.8548
18.03.2023 22:00:00.000 GMT+0100,27323,28371,26821,27857,1.1859000000000002
19.03.2023 22:00:00.000 GMT+0100,27855,28520,27188,28044,2.8207000000000004
20.03.2023 22:00:00.000 GMT+0100,28043,28451,27363,28113,6.009200000000001
21.03.2023 22:00:00.000 GMT+0100,28114,28879,26654,27356,2.0872
22.03.2023 22:00:00.000 GMT+0100,27360,28779,27005,28294,1.7347
23.03.2023 22:00:00.000 GMT+0100,28294,28449,27424,27583,1.7345000000000004
24.03.2023 22:00:00.000 GMT+0100,27583,27772,27158,27345,0.7339
25.03.2023 22:00:00.000 GMT+0100,27345,28180,27339,27768,1.1800000000000002
26.03.2023 23:00:00.000 GMT+0200,27741,28124,26487,27008,1.3192000000000002
27.03.2023 23:00:00.000 GMT+0200,27002,27469,26620,27277,0.6216
28.03.2023 23:00:00.000 GMT+0200,27277,28603,27080,28354,0.2998
29.03.2023 23:00:00.000 GMT+0200,28355,29139,27662,28113,1.2437999999999998
30.03.2023 23:00:00.000 GMT+0200,28139,28616,27482,28348,1.3726
31.03.2023 23:00:00.000 GMT+0200,28333,28761,28209,28425,0.8668000000000011
01.04.2023 23:00:00.000 GMT+0200,28425,28533,27845,28041,0.0776000000000003
02.04.2023 23:00:00.000 GMT+0200,28041,28469,27452,27552,0.2654999999999983
03.04.2023 23:00:00.000 GMT+0200,27552,28402,27190,28221,1.0255999999999814
04.04.2023 23:00:00.000 GMT+0200,28200,28748,27776,28116,1.1267999999999916
05.04.2023 23:00:00.000 GMT+0200,28123,28205,27685,27959,0.2480000000000004
06.04.2023 23:00:00.000 GMT+0200,27959,28076,27753,27851,1.164099999999988
07.04.2023 23:00:00.000 GMT+0200,27824,28111,27817,27898,0.0243999999999999
